fixed acidity,volatile acidity,citric acid,residual sugar,chlorides,free sulfur dioxide,total sulfur dioxide,density,pH,sulphates,alcohol,quality
15.9,0.36,0.65,7.5,0.096,22.0,71.0,0.9976,2.98,0.84,14.9,5
5.5,0.49,0.03,1.8,0.044,28.0,87.0,0.9908,3.5,0.82,14.0,8
5.0,0.42,0.24,2.0,0.06,19.0,50.0,0.9917,3.72,0.74,14.0,8
8.8,0.46,0.45,2.6,0.065,7.0,18.0,0.9947,3.32,0.79,14.0,6
5.0,0.38,0.01,1.6,0.048,26.0,60.0,0.99084,3.7,0.75,14.0,6
5.2,0.34,0.0,1.8,0.05,27.0,63.0,0.9916,3.68,0.79,14.0,6
4.9,0.42,0.0,2.1,0.048,16.0,42.0,0.99154,3.71,0.74,14.0,7
5.2,0.34,0.0,1.8,0.05,27.0,63.0,0.9916,3.68,0.79,14.0,6
5.0,0.4,0.5,4.3,0.046,29.0,80.0,0.9902,3.49,0.66,13.6,6
5.1,0.42,0.0,1.8,0.044,18.0,88.0,0.99157,3.68,0.73,13.6,7
5.3,0.47,0.11,2.2,0.048,16.0,89.0,0.99182,3.54,0.88,13.6,7
7.4,0.36,0.34,1.8,0.075,18.0,38.0,0.9933,3.38,0.88,13.6,7
5.3,0.47,0.11,2.2,0.048,16.0,89.0,0.99182,3.54,0.88,13.566666666666698,7
5.8,0.29,0.26,1.7,0.063,3.0,11.0,0.9915,3.39,0.54,13.5,6
11.3,0.62,0.67,5.2,0.086,6.0,19.0,0.9988,3.22,0.69,13.4,8
8.9,0.4,0.51,2.6,0.052,13.0,27.0,0.995,3.32,0.9,13.4,7
10.6,0.44,0.68,4.1,0.114,6.0,24.0,0.997,3.06,0.66,13.4,6
7.1,0.39,0.12,2.1,0.065,14.0,24.0,0.99252,3.3,0.53,13.3,6
9.2,0.41,0.5,2.5,0.055,12.0,25.0,0.9952,3.34,0.79,13.3,7
11.4,0.625,0.66,6.2,0.088,6.0,24.0,0.9988,3.11,0.99,13.3,6
9.3,0.38,0.48,3.8,0.132,3.0,11.0,0.99577,3.23,0.57,13.2,6
7.9,0.54,0.34,2.5,0.076,8.0,17.0,0.99235,3.2,0.72,13.1,8
4.6,0.52,0.15,2.1,0.054,8.0,65.0,0.9934,3.9,0.56,13.1,4
5.4,0.835,0.08,1.2,0.046,13.0,93.0,0.9924,3.57,0.85,13.0,7
5.6,0.5,0.09,2.3,0.049,17.0,99.0,0.9937,3.63,0.63,13.0,5
8.0,0.6,0.08,2.6,0.0559999999999999,3.0,7.0,0.99286,3.22,0.37,13.0,5
12.0,0.37,0.76,4.2,0.066,7.0,38.0,1.0004,3.22,0.6,13.0,7
13.5,0.53,0.79,4.8,0.12,23.0,77.0,1.0018,3.18,0.77,13.0,5
5.6,0.5,0.09,2.3,0.049,17.0,99.0,0.9937,3.63,0.63,13.0,5
5.6,0.66,0.0,2.5,0.066,7.0,15.0,0.99256,3.52,0.58,12.9,5
7.3,0.52,0.32,2.1,0.07,51.0,70.0,0.99418,3.34,0.82,12.9,6
5.1,0.51,0.18,2.1,0.042,16.0,101.0,0.9924,3.46,0.87,12.9,7
5.6,0.85,0.05,1.4,0.045,12.0,88.0,0.9924,3.56,0.82,12.9,8
5.6,0.605,0.05,2.4,0.073,19.0,25.0,0.99258,3.56,0.55,12.9,5
7.2,0.38,0.38,2.8,0.068,23.0,42.0,0.99356,3.34,0.72,12.9,7
5.1,0.585,0.0,1.7,0.044,14.0,86.0,0.99264,3.56,0.94,12.9,7
4.7,0.6,0.17,2.3,0.0579999999999999,17.0,106.0,0.9932,3.85,0.6,12.9,6
6.4,0.69,0.0,1.65,0.055,7.0,12.0,0.99162,3.47,0.53,12.9,6
10.3,0.27,0.24,2.1,0.072,15.0,33.0,0.9956,3.22,0.66,12.8,6
8.2,0.33,0.32,2.8,0.067,4.0,12.0,0.99473,3.3,0.76,12.8,7
5.6,0.66,0.0,2.2,0.087,3.0,11.0,0.99378,3.71,0.63,12.8,7
6.5,0.51,0.15,3.0,0.064,12.0,27.0,0.9929,3.33,0.59,12.8,6
11.9,0.37,0.69,2.3,0.078,12.0,24.0,0.9958,3.0,0.65,12.8,6
5.1,0.47,0.02,1.3,0.034,18.0,44.0,0.9921,3.9,0.62,12.8,6
7.1,0.75,0.01,2.2,0.059,11.0,18.0,0.99242,3.39,0.4,12.8,6
7.1,0.75,0.01,2.2,0.059,11.0,18.0,0.99242,3.39,0.4,12.8,6
6.7,0.75,0.01,2.4,0.078,17.0,32.0,0.9955,3.55,0.61,12.8,6
5.6,0.66,0.0,2.2,0.087,3.0,11.0,0.99378,3.71,0.63,12.8,7
6.3,0.57,0.28,2.1,0.048,13.0,49.0,0.99374,3.41,0.6,12.8,5
8.2,0.28,0.4,2.4,0.052,4.0,10.0,0.99356,3.33,0.7,12.8,7
