quality,alcohol,aciditate_totala,pH
5,9.4,8.1,3.51
5,9.8,8.68,3.2
5,9.8,8.6,3.26
6,9.8,12.04,3.16
5,9.4,8.1,3.51
5,9.4,8.06,3.51
5,9.4,8.56,3.3
7,10.0,7.95,3.39
7,9.5,8.399999999999999,3.36
5,10.5,8.36,3.35
5,9.2,7.36,3.28
5,10.5,8.36,3.35
5,9.9,6.215,3.58
5,9.1,8.7,3.26
5,9.2,9.7,3.16
5,9.2,9.709999999999999,3.17
7,10.5,9.34,3.3
5,9.3,8.94,3.11
4,9.0,8.07,3.38
6,9.2,8.73,3.04
6,9.4,9.600000000000001,3.39
5,9.7,8.299999999999999,3.52
5,9.5,8.540000000000001,3.17
5,9.4,9.1,3.17
6,9.7,7.44,3.43
5,9.3,6.85,3.34
5,9.5,8.25,3.28
5,9.5,8.540000000000001,3.17
5,9.4,7.81,3.47
6,9.8,8.445,3.38
5,10.1,7.445,3.35
6,10.6,7.585000000000001,3.46
5,9.8,9.075,3.17
6,9.4,7.625000000000001,3.45
5,9.2,5.7700000000000005,3.38
6,9.6,8.445,3.4
6,10.8,8.540000000000001,3.42
7,9.7,8.76,3.23
4,9.8,6.92,3.5
5,10.5,8.11,3.33
5,10.5,8.11,3.33
4,9.3,9.71,3.26
6,10.5,8.19,3.21
5,10.3,8.98,3.3
5,9.5,7.489999999999999,3.48
4,13.1,5.27,3.9
5,9.2,9.065,3.25
5,9.5,9.509999999999998,3.25
5,9.2,7.030000000000001,3.34
5,9.2,6.279999999999999,3.32
5,9.2,9.72,3.15
6,9.4,7.159999999999999,3.4
6,9.4,7.14,3.39
5,9.4,9.34,3.2
6,10.2,8.26,3.17
5,9.5,8.36,3.34
5,9.6,11.19,3.04
5,9.4,8.25,3.26
5,10.0,8.57,3.43
6,9.4,7.999999999999999,3.41
5,9.2,9.600000000000001,3.44
5,9.3,8.88,3.21
7,9.5,8.18,3.38
5,9.8,7.785,3.39
5,10.9,7.975,3.41
5,10.9,7.975,3.41
5,9.6,8.129999999999999,3.42
5,10.7,7.375,3.44
5,10.7,10.190000000000001,3.28
6,10.5,8.755,3.34
6,9.5,8.41,3.32
5,9.5,8.600000000000001,3.32
5,9.5,8.610000000000001,3.31
4,9.2,9.235000000000001,3.31
5,9.6,10.559999999999999,3.28
5,10.5,9.850000000000001,3.54
5,10.5,9.850000000000001,3.54
6,10.7,7.585,3.52
5,10.1,7.57,3.38
4,9.1,9.125,3.16
5,9.2,6.8500000000000005,3.41
5,9.4,8.93,3.13
5,9.1,8.370000000000001,3.36
5,9.4,8.23,3.16
6,10.3,7.08,3.44
5,10.1,7.6000000000000005,3.41
6,9.9,9.37,2.93
5,9.6,8.45,3.39
5,9.5,10.13,3.14
5,9.0,7.7,3.48
5,9.5,8.68,3.23
6,9.9,9.37,2.93
5,9.8,9.379999999999999,2.93
5,9.6,8.45,3.39
4,10.5,6.06,3.75
6,12.9,5.47,3.85
5,10.7,7.575,3.45
5,9.2,7.75,3.25
5,9.8,8.56,3.39
6,9.0,8.825,3.3
6,10.2,9.21,3.4
6,10.4,8.600000000000001,3.31
6,9.0,8.825,3.3
5,9.2,8.895,3.29
5,9.4,7.930000000000001,3.33
5,9.2,8.895,3.29
5,9.3,8.889999999999999,3.08
5,9.3,7.14,3.46
6,9.6,8.86,3.37
5,9.3,9.405,3.21
5,9.5,8.549999999999999,3.19
5,9.8,9.11,3.15
5,9.8,9.1,3.15
6,9.7,10.85,3.32
5,9.5,8.549999999999999,3.19
6,10.5,10.110000000000001,3.07
6,10.0,9.12,3.39
6,9.4,8.479999999999999,3.37
6,10.9,9.39,3.21
6,9.2,7.77,3.34
5,9.0,8.459999999999999,3.3
6,10.9,9.39,3.21
5,9.2,7.995,3.49
5,9.5,8.71,3.44
5,9.5,8.47,3.39
5,9.4,9.659999999999998,3.16
5,10.9,9.53,3.53
5,10.9,9.43,3.54
7,10.5,8.75,3.42
5,9.4,6.63,3.42
5,9.4,9.305,3.24
5,13.0,6.1899999999999995,3.63
5,13.0,6.1899999999999995,3.63
6,9.8,7.109999999999999,3.4
6,9.9,8.990000000000002,3.22
5,9.6,9.254999999999999,3.19
5,9.5,9.165000000000001,3.23
5,9.2,7.9750000000000005,3.48
5,9.5,8.549999999999999,3.33
5,9.5,8.549999999999999,3.32
5,9.6,9.254999999999999,3.19
5,9.5,9.165000000000001,3.23
6,14.0,5.54,3.68
5,9.4,6.77,3.34
6,14.0,5.54,3.68
5,9.4,9.32,3.17
5,10.0,6.499999999999999,3.54
5,9.3,8.35,3.11
6,10.2,7.49,3.42
6,10.5,9.04,3.53
6,10.3,8.1,3.33
4,9.4,10.719999999999999,2.74
5,10.1,8.129999999999999,3.35
5,10.1,8.129999999999999,3.35
5,10.5,7.949999999999999,3.42
5,10.5,7.949999999999999,3.42
5,10.5,7.949999999999999,3.42
5,10.5,7.949999999999999,3.42
5,9.3,7.779999999999999,3.48
6,9.3,7.579999999999999,3.59
5,9.6,8.579999999999998,3.2
4,9.2,8.299999999999999,3.17
6,10.0,8.37,3.33
5,9.4,8.26,3.37
5,9.4,8.15,3.37
5,9.5,8.91,3.19
5,10.2,7.539999999999999,3.34
4,9.0,7.88,3.37
6,10.4,7.5,3.47
5,9.5,8.445,3.0
4,9.1,8.815,3.36
6,9.2,8.59,3.29
6,9.2,8.59,3.29
6,11.5,8.07,3.42
5,9.5,7.89,3.33
5,9.5,7.44,3.35
5,9.5,7.89,3.33
6,10.5,8.44,3.58
5,9.6,7.805,3.48
5,9.5,9.55,3.19
5,9.5,9.55,3.19
5,9.3,10.0,3.12
5,9.3,7.949999999999999,3.44
5,9.3,7.61,3.54
6,9.3,7.53,3.52
5,9.7,9.780000000000001,3.26
5,9.2,8.27,3.34
5,9.7,8.504999999999999,3.39
5,9.5,8.73,3.2
5,9.5,8.71,3.2
5,9.4,9.049999999999999,3.23
6,9.8,7.0200000000000005,3.57
5,9.5,7.55,3.28
5,9.7,8.360000000000001,3.28
5,9.7,8.360000000000001,3.28
5,9.4,8.72,3.25
5,10.2,8.18,3.46
6,10.1,12.4,3.11
7,13.0,6.315,3.57
4,11.4,8.05,3.51
7,10.3,10.39,3.22
5,9.3,9.65,3.04
5,9.5,7.41,3.36
5,9.2,7.77,3.34
6,9.2,7.79,3.34
7,10.8,13.840000000000002,3.2
7,10.8,13.840000000000002,3.2
5,9.3,8.68,3.29
5,9.4,8.52,3.22
7,10.5,11.88,3.31
6,12.4,10.829999999999998,3.3
6,10.0,8.965,3.35
6,10.2,12.68,3.21
5,10.1,9.03,3.3
6,9.8,8.615,3.24
5,10.5,7.98,3.34
5,11.0,9.485,3.14
5,9.1,9.045,3.36
5,9.7,8.18,3.39
5,9.5,8.66,3.3
6,9.4,8.51,3.34
5,9.4,8.190000000000001,3.15
5,9.5,7.45,3.42
6,10.0,9.495,3.28
4,10.4,9.395,3.31
6,10.5,8.38,3.37
6,9.5,9.99,3.04
5,9.8,9.96,3.39
6,10.5,8.38,3.37
5,11.0,7.67,3.46
7,12.2,5.72,3.54
6,9.9,8.440000000000001,3.37
6,9.6,9.069999999999999,3.34
5,11.0,7.67,3.46
6,9.0,9.29,3.32
6,9.0,7.83,3.37
6,9.0,7.83,3.37
6,9.2,7.845000000000001,3.37
6,9.0,7.83,3.37
6,9.0,9.29,3.32
5,9.3,9.905,3.0
6,10.9,12.940000000000001,3.14
6,9.8,8.379999999999999,3.08
7,9.2,15.65,3.07
7,9.2,15.65,3.07
6,9.9,7.96,3.61
5,9.5,7.85,3.38
5,9.3,8.969999999999999,3.2
6,9.8,8.290000000000001,3.35
6,9.9,7.96,3.61
6,10.0,11.56,3.22
6,9.9,7.699999999999999,3.47
5,10.5,11.93,3.17
5,9.5,8.895,3.23
6,9.9,7.699999999999999,3.47
5,9.3,8.8,3.26
5,9.2,10.11,3.22
5,9.2,7.295,3.49
5,9.4,8.87,3.06
7,10.5,10.780000000000001,3.36
5,9.3,8.46,3.29
4,9.4,8.014999999999999,3.35
5,10.0,8.549999999999999,3.34
5,9.3,8.5,3.28
5,10.9,13.55,3.08
7,10.2,12.58,3.2
4,9.8,8.969999999999999,3.6
8,12.8,8.71,3.35
6,9.4,7.48,3.69
6,10.1,12.19,3.28
6,10.7,8.505,3.36
6,10.1,12.19,3.28
5,10.1,11.85,3.22
5,9.4,9.315,3.31
5,9.4,8.33,3.38
6,10.7,8.505,3.36
6,9.4,7.48,3.69
6,10.1,12.19,3.28
8,12.6,11.07,3.23
7,10.5,9.620000000000001,3.38
6,9.3,12.1,3.12
7,9.9,8.65,3.25
5,9.1,8.239999999999998,3.36
7,10.5,9.620000000000001,3.38
5,9.8,10.56,3.31
5,9.8,10.56,3.31
6,10.3,13.0,3.1
6,10.3,8.02,3.37
7,10.6,9.309999999999999,3.34
5,9.2,12.549999999999999,3.2
7,10.6,9.309999999999999,3.34
5,10.5,11.68,3.3
6,10.3,11.180000000000001,3.22
6,10.1,7.510000000000001,3.41
6,9.5,14.16,3.05
5,9.5,11.760000000000002,3.05
5,9.9,11.799999999999999,3.16
5,9.6,7.789999999999999,3.67
5,9.7,7.87,3.67
5,9.6,7.63,3.68
6,10.7,8.09,3.38
6,10.1,11.76,3.22
5,10.0,9.125,3.51
5,9.5,8.19,3.39
5,9.2,9.65,3.2
6,9.3,11.31,3.12
5,9.4,8.54,3.36
6,9.5,11.13,3.19
6,9.5,11.17,3.19
6,9.5,8.07,3.41
6,9.3,11.31,3.12
6,9.4,8.67,3.27
6,9.5,9.770000000000001,3.32
5,9.4,9.370000000000001,3.3
5,11.0,8.05,3.39
6,11.0,7.739999999999999,3.42
5,10.1,10.39,3.3
6,10.4,10.489999999999998,3.3
7,11.5,10.850000000000001,3.37
6,10.4,10.489999999999998,3.3
7,11.5,10.850000000000001,3.37
5,9.7,10.17,3.24
5,9.3,8.47,3.29
6,9.5,11.31,3.28
6,9.2,10.69,3.16
6,9.2,10.69,3.16
7,11.5,12.79,3.05
5,11.5,11.24,3.28
6,9.7,14.29,3.16
5,9.5,11.55,3.18
6,12.5,11.2,3.23
6,12.5,11.2,3.23
6,9.4,8.86,3.22
5,11.0,9.040000000000001,3.13
7,11.7,8.56,3.34
7,12.2,13.125,3.17
6,12.5,9.78,3.35
5,10.3,8.55,3.31
6,11.5,13.47,3.16
7,9.8,13.32,3.11
6,9.2,13.04,3.12
6,11.3,11.5,3.21
6,9.8,11.760000000000002,3.3
6,9.8,11.760000000000002,3.3
6,10.7,12.97,3.12
5,9.9,7.6850000000000005,3.6
7,12.3,7.434999999999999,3.58
6,12.0,14.96,3.02
6,10.0,10.47,3.11
6,9.4,9.885,3.36
6,9.9,11.59,3.28
6,9.4,9.895,3.35
5,9.3,8.365,3.27
5,13.0,14.82,3.18
6,11.9,6.71,3.25
6,12.8,7.46,3.55
5,11.0,12.43,3.26
7,11.7,11.58,3.24
7,10.4,12.99,3.15
6,9.8,13.64,3.17
5,9.4,9.129999999999999,3.19
6,9.9,9.36,3.37
5,10.0,13.14,3.05
5,10.2,13.590000000000002,2.99
7,10.0,14.075000000000001,3.07
6,11.8,10.92,3.26
7,10.0,14.075000000000001,3.07
5,9.0,11.584999999999999,3.16
5,9.4,11.16,3.18
7,12.0,10.2,3.2
5,9.9,7.685,3.57
6,8.7,8.540000000000001,3.32
6,10.6,9.86,3.32
5,9.2,8.17,3.05
6,10.8,15.040000000000001,3.01
7,11.8,12.75,3.01
6,11.0,12.45,3.26
7,12.0,10.2,3.2
6,13.3,12.685,3.11
6,10.8,9.100000000000001,3.31
6,9.4,8.98,3.21
6,10.0,14.794999999999998,3.06
6,9.4,8.98,3.21
6,9.4,8.98,3.21
5,9.2,8.49,3.42
6,9.7,8.100000000000001,3.43
6,9.2,8.6,3.41
6,9.6,9.110000000000001,3.31
6,9.2,8.52,3.43
7,10.0,10.290000000000001,3.19
8,12.9,6.499999999999999,3.56
6,10.0,14.794999999999998,3.06
5,9.5,10.389999999999999,3.18
5,9.1,9.675,3.16
5,9.9,13.95,3.03
7,13.0,13.129999999999999,3.22
5,9.9,7.3549999999999995,3.47
6,11.0,12.68,3.18
6,11.0,12.68,3.18
5,9.4,9.685,3.1
5,9.9,7.3549999999999995,3.47
6,10.8,8.26,3.29
6,10.5,13.219999999999999,3.1
6,10.5,12.49,3.15
5,9.1,8.440000000000001,3.26
6,10.1,9.47,3.36
6,10.8,10.71,3.24
7,10.8,13.05,3.18
6,11.3,11.32,3.19
4,9.6,13.450000000000001,3.05
6,9.5,9.77,3.38
5,9.5,9.899999999999999,3.38
5,9.3,7.995,3.27
7,11.7,10.83,3.27
5,9.5,9.66,3.26
5,9.3,9.565,3.32
6,11.7,11.72,3.26
5,10.5,7.7,3.44
6,10.4,12.790000000000001,3.24
5,9.9,7.57,3.62
7,11.8,10.39,3.28
7,12.3,7.47,3.52
5,10.9,8.86,3.36
7,11.0,11.21,3.15
5,10.9,8.86,3.36
7,12.3,7.47,3.52
6,11.4,7.15,3.49
6,10.6,10.5,3.26
5,9.3,9.95,3.24
6,10.4,14.270000000000001,3.1
7,11.0,11.21,3.15
5,9.2,8.7,3.25
6,12.8,12.959999999999999,3.0
5,9.5,13.320000000000002,3.16
6,9.9,11.360000000000001,3.15
5,9.5,13.320000000000002,3.16
6,10.2,8.97,3.26
6,11.2,12.28,3.17
6,9.9,11.360000000000001,3.15
5,9.3,7.8,3.08
8,9.8,13.63,2.88
6,11.3,12.950000000000001,3.06
7,11.2,17.045,2.95
7,11.6,10.93,3.23
7,12.5,5.88,3.57
6,10.1,10.334999999999999,3.23
5,10.5,13.48,3.1
5,11.2,10.07,3.22
6,10.2,9.35,3.2
6,10.8,12.98,3.1
6,10.8,12.98,3.1
6,9.1,9.299999999999999,3.06
6,10.0,7.39,3.44
7,11.2,11.360000000000001,3.26
5,11.1,7.630000000000001,3.5
8,13.4,12.59,3.22
5,10.3,9.88,3.37
5,9.6,10.040000000000001,3.28
7,11.2,11.360000000000001,3.26
3,9.0,12.84,3.25
6,11.3,10.149999999999999,3.35
5,9.3,9.135000000000002,3.26
5,11.8,11.94,3.18
5,9.0,9.459999999999999,3.08
6,9.2,12.355,2.98
5,9.7,10.69,3.48
6,11.5,11.22,3.16
6,14.0,9.71,3.32
6,9.2,12.45,3.17
5,9.8,9.54,3.2
5,10.6,13.97,3.05
6,11.4,10.56,3.2
6,10.4,13.42,3.15
5,10.6,10.8,3.26
6,9.4,11.29,3.2
5,10.2,10.52,3.14
5,9.7,9.98,3.28
6,11.0,11.13,3.18
5,10.2,10.52,3.14
6,10.1,10.195,3.19
5,9.2,11.27,3.12
8,11.7,10.260000000000002,3.15
5,9.4,11.549999999999999,3.04
5,9.4,11.559999999999999,3.04
6,13.4,11.719999999999999,3.06
5,10.0,11.26,3.17
5,10.0,11.26,3.17
6,10.0,11.204999999999998,3.17
7,10.8,12.47,3.32
6,10.2,10.090000000000002,3.34
6,10.6,10.345,3.31
7,13.3,10.11,3.34
7,13.4,9.81,3.32
6,11.6,9.7,3.48
6,12.1,7.12,3.44
8,11.0,11.579999999999998,3.15
6,9.0,8.57,3.43
5,11.1,7.86,3.32
8,11.0,11.579999999999998,3.15
6,11.6,9.7,3.48
6,9.0,8.57,3.43
7,12.0,11.57,3.17
7,12.0,11.57,3.17
7,10.9,11.23,3.18
7,10.8,11.16,3.21
7,12.5,11.32,3.16
7,10.8,11.100000000000001,3.25
6,9.5,12.42,3.17
6,10.2,10.9,3.18
7,11.4,14.34,3.04
5,9.5,13.31,3.02
6,10.2,10.9,3.18
6,9.7,11.58,3.03
7,11.8,11.65,3.09
7,11.8,11.65,3.09
5,9.3,9.645,3.31
6,11.9,13.59,3.25
3,8.4,11.5,3.16
6,11.7,11.600000000000001,3.22
5,11.0,8.155,3.36
6,10.0,10.540000000000001,3.42
5,9.1,8.5,3.48
5,9.8,9.08,3.38
5,9.4,10.190000000000001,3.22
5,9.5,10.12,3.23
5,9.9,11.280000000000001,3.24
5,11.0,8.155,3.36
6,11.4,7.87,3.39
6,8.7,9.11,3.34
5,9.4,10.770000000000001,3.09
6,10.3,9.56,3.41
5,10.3,12.770000000000001,3.16
5,10.3,12.770000000000001,3.16
6,12.8,10.81,3.22
6,10.0,10.72,3.28
6,10.3,9.56,3.41
5,9.4,10.770000000000001,3.09
6,10.7,9.165,3.37
7,12.0,13.74,3.2
5,11.2,12.44,3.22
5,9.6,10.03,3.26
6,11.0,10.450000000000001,3.21
5,9.9,10.255,3.12
6,11.0,12.1,3.06
6,8.4,15.350000000000001,2.86
5,9.1,10.06,3.08
6,9.5,8.290000000000001,3.45
6,10.7,11.4,3.26
6,10.4,13.24,3.12
6,9.4,10.02,3.27
6,9.5,7.319999999999999,3.33
6,10.0,10.07,3.19
6,10.0,10.200000000000001,3.12
5,11.5,6.28,3.74
5,11.1,16.634999999999998,2.92
5,11.1,16.634999999999998,2.92
6,11.7,11.92,3.07
5,11.1,16.735,2.92
6,11.7,11.92,3.07
6,12.7,13.96,3.3
5,11.4,13.79,3.14
5,9.2,9.93,3.23
5,9.2,10.03,3.08
6,10.1,8.379999999999999,3.31
6,12.7,13.96,3.3
5,11.4,13.79,3.14
6,9.0,9.639999999999999,3.32
6,9.0,9.639999999999999,3.32
6,10.7,10.790000000000001,3.31
6,11.7,6.800000000000001,3.57
6,11.0,12.34,3.32
6,11.7,6.800000000000001,3.57
5,10.4,10.93,3.14
4,9.6,11.58,3.3
6,10.0,11.43,3.19
6,10.2,13.06,3.2
4,10.0,10.64,3.34
5,9.5,9.73,3.3
5,9.8,9.760000000000002,3.29
6,9.8,11.4,3.14
5,9.6,13.290000000000001,3.19
5,9.6,13.290000000000001,3.19
5,9.2,12.68,3.19
7,9.9,12.77,2.98
7,10.7,12.620000000000001,3.3
6,9.6,8.35,3.47
7,10.6,11.9,3.12
5,9.3,8.27,3.26
8,14.0,5.66,3.72
7,10.5,10.979999999999999,3.05
5,9.7,9.94,3.35
6,11.5,7.4799999999999995,3.12
5,9.7,9.94,3.35
5,9.0,10.97,3.29
5,9.5,8.790000000000001,3.4
5,9.3,9.905000000000001,3.27
6,9.3,13.31,3.04
6,10.0,13.06,3.09
6,9.8,9.265,3.2
6,9.3,13.739999999999998,3.0
4,10.0,9.384999999999998,3.26
6,9.0,14.18,3.1
5,9.3,8.535,3.3
6,9.0,14.18,3.1
6,9.1,9.010000000000002,3.17
6,9.2,9.030000000000001,3.31
7,12.2,10.290000000000001,3.34
6,10.5,9.690000000000001,3.31
6,10.4,11.12,3.32
6,12.7,6.8500000000000005,3.56
5,9.2,9.580000000000002,3.39
5,9.4,14.13,2.98
6,10.0,8.14,3.32
5,9.8,8.97,3.26
6,10.2,10.135,2.87
5,9.7,10.7,3.5
5,9.7,10.7,3.5
6,9.8,12.32,3.03
5,10.2,12.360000000000001,3.13
5,9.3,12.08,3.09
5,9.4,9.08,3.27
5,9.4,8.99,3.28
5,9.5,10.8,3.13
6,12.1,8.66,3.49
5,10.2,7.49,3.46
5,10.2,7.49,3.46
5,9.1,9.69,3.36
5,9.1,9.69,3.36
6,9.3,9.499999999999998,3.27
5,9.3,8.515,3.21
6,9.3,9.499999999999998,3.27
5,9.5,11.219999999999999,3.25
6,10.5,8.15,3.32
4,11.3,11.255,3.43
5,9.5,8.46,3.27
5,9.7,9.54,3.27
5,9.4,10.76,3.24
5,9.4,10.655,3.24
7,10.2,8.735,3.35
6,10.3,9.54,3.18
5,9.4,10.89,3.39
5,9.5,10.53,3.46
5,9.4,10.89,3.39
5,9.5,10.53,3.46
5,9.4,10.89,3.39
7,10.1,8.54,3.37
5,10.1,8.02,3.4
4,11.0,9.155000000000001,3.32
7,11.2,9.48,3.33
6,11.3,7.390000000000001,3.16
5,9.6,11.52,2.89
5,11.2,10.930000000000001,3.41
5,14.9,16.91,2.98
6,12.0,10.32,3.12
5,9.5,9.540000000000001,3.08
5,9.4,10.42,3.14
5,9.6,11.52,2.89
7,10.5,13.09,2.92
6,9.6,7.790000000000001,3.32
4,11.0,7.959999999999999,3.41
6,9.6,7.790000000000001,3.32
5,9.0,8.23,3.31
6,9.6,7.83,3.36
6,10.2,10.84,3.04
5,10.2,13.02,3.03
5,9.7,10.13,3.14
6,9.5,9.15,3.18
6,9.2,12.09,2.94
5,11.0,11.16,3.15
6,9.2,12.09,2.94
5,10.0,7.540000000000001,3.26
5,9.5,9.14,3.2
5,9.5,11.38,3.15
5,9.5,9.14,3.2
6,9.3,11.610000000000001,3.08
5,10.2,10.100000000000001,3.26
6,9.3,11.610000000000001,3.08
5,9.9,9.51,3.4
5,10.0,9.18,3.48
5,9.6,11.51,3.13
5,9.0,14.31,3.06
6,10.2,8.68,3.21
5,9.8,9.270000000000001,3.33
5,11.3,9.11,3.37
5,9.4,11.100000000000001,3.25
5,11.3,9.11,3.37
5,9.1,7.93,3.44
5,9.7,9.97,3.28
5,9.4,8.399999999999999,3.4
5,9.4,8.96,3.3
3,10.7,8.585,3.63
5,9.8,10.36,3.48
5,9.0,9.6,3.03
5,9.4,9.8,3.32
5,9.4,9.780000000000001,3.31
6,12.8,5.589999999999999,3.9
6,9.5,7.67,3.47
6,9.5,7.67,3.47
5,9.7,10.295,3.31
6,10.8,12.730000000000002,3.11
6,10.1,12.049999999999999,3.08
6,9.5,7.67,3.47
6,9.4,7.659999999999999,3.47
4,9.6,8.36,3.32
4,9.7,9.905,3.29
5,9.9,9.585,3.37
5,10.0,7.86,3.4
5,10.5,8.08,3.37
6,11.6,8.465,3.34
6,10.0,10.48,3.27
5,10.1,12.055,3.06
5,9.5,9.805,3.38
5,9.4,9.389999999999999,3.36
5,9.4,8.79,3.34
5,9.8,10.92,3.28
6,9.2,7.87,3.29
5,9.4,8.79,3.34
5,10.0,8.17,3.21
5,9.6,9.0,3.22
5,9.5,7.76,3.46
5,9.6,9.0,3.22
5,9.2,9.620000000000001,3.1
5,10.0,8.1,3.21
5,9.5,7.709999999999999,2.94
4,11.2,8.715,3.54
5,10.4,9.83,3.29
6,11.1,8.91,3.43
5,9.5,6.99,3.46
5,9.5,6.99,3.46
6,12.7,7.295000000000001,3.61
5,9.6,10.71,3.17
5,11.5,9.905000000000001,3.44
5,9.6,8.165,3.39
5,9.5,7.79,3.55
5,9.3,8.459999999999999,3.48
5,9.5,8.765,3.26
5,9.5,8.765,3.26
6,9.3,8.79,3.5
5,9.2,9.690000000000001,3.1
5,9.3,9.69,3.35
6,11.5,9.35,3.45
5,9.5,9.969999999999999,3.21
5,9.2,7.115,3.46
5,10.0,12.59,3.13
5,9.5,12.030000000000001,3.13
6,9.5,7.989999999999999,3.52
6,9.0,8.92,3.3
5,9.4,9.33,3.3
6,9.6,7.88,3.52
6,9.5,7.989999999999999,3.52
5,9.5,9.05,3.29
5,9.5,9.05,3.29
5,9.4,8.270000000000001,3.39
5,9.5,9.05,3.29
6,9.1,8.959999999999999,3.09
6,10.7,8.78,3.51
6,11.2,7.289999999999999,3.6
5,9.8,8.969999999999999,3.25
5,9.8,8.969999999999999,3.25
5,9.2,9.430000000000001,3.19
5,9.7,9.83,3.23
5,9.6,10.215,3.25
6,10.0,9.5,3.31
5,9.6,10.215,3.25
6,9.5,9.889999999999999,3.31
6,9.5,9.969999999999999,3.31
5,9.4,9.57,3.14
5,9.5,8.42,3.45
6,9.7,7.709999999999999,3.55
5,9.6,8.63,3.39
6,9.7,7.709999999999999,3.55
5,9.4,10.345,3.28
5,9.4,10.34,3.27
6,9.5,8.59,3.3
6,9.5,8.600000000000001,3.31
5,10.0,8.2,3.43
6,10.3,7.845,3.4
6,10.3,7.705,3.4
5,10.5,9.030000000000001,3.36
5,9.8,7.6499999999999995,3.5
6,9.4,7.57,3.31
5,9.8,7.1,3.66
5,10.0,9.870000000000001,3.36
5,9.8,7.1,3.66
5,9.8,7.699999999999999,3.55
5,9.5,10.66,3.21
5,9.5,10.66,3.21
6,10.1,10.8,3.18
6,10.1,10.8,3.18
5,9.3,9.4,3.09
6,9.7,8.200000000000001,3.33
5,9.6,9.610000000000001,3.23
6,9.7,7.7299999999999995,3.48
5,10.8,8.3,3.38
6,12.5,10.91,3.17
5,10.2,11.990000000000002,2.99
5,9.6,9.47,3.1
7,10.8,10.11,3.24
6,10.7,10.24,3.29
6,10.7,10.24,3.29
5,9.4,7.890000000000001,3.25
5,10.0,9.24,3.23
7,12.9,5.685,3.56
6,9.6,8.34,3.24
6,9.9,9.14,3.26
7,12.8,8.879999999999999,3.33
7,12.5,9.040000000000001,3.27
7,12.8,8.879999999999999,3.33
5,9.2,8.05,3.26
6,10.3,8.39,3.22
5,10.5,7.89,3.3
6,10.9,13.950000000000001,3.09
5,10.8,11.58,3.24
4,11.4,7.53,3.44
6,11.3,13.55,3.21
5,10.8,11.58,3.24
6,10.5,10.5,3.23
6,11.9,11.51,3.28
5,9.4,7.8149999999999995,3.29
5,9.6,9.91,3.28
5,9.7,7.6850000000000005,3.34
7,14.0,5.32,3.71
5,9.8,7.37,3.61
5,9.8,7.37,3.61
5,10.3,7.86,3.24
5,10.7,7.699999999999999,3.36
7,11.0,8.11,3.4
5,10.7,7.699999999999999,3.36
8,12.7,8.459999999999999,3.46
6,11.1,6.590000000000001,3.56
4,10.9,8.255,3.38
6,11.1,6.590000000000001,3.56
3,9.9,11.26,3.38
4,9.9,12.51,3.38
5,9.4,9.745000000000001,3.32
5,9.3,8.365,3.39
7,11.7,7.260000000000001,3.26
7,11.7,7.260000000000001,3.26
7,11.2,10.76,3.24
5,10.0,6.54,3.46
7,12.1,11.99,3.24
5,10.3,7.26,3.45
6,10.9,11.549999999999999,3.23
5,9.4,8.135,3.28
6,10.6,10.610000000000001,3.18
5,9.8,7.25,3.59
5,9.8,7.25,3.59
6,9.9,8.24,3.5
5,9.8,7.25,3.59
5,9.8,7.24,3.58
5,9.5,10.17,3.28
5,9.5,10.17,3.28
5,9.7,8.74,3.22
6,10.9,10.05,3.47
6,10.9,10.05,3.47
7,11.7,8.354999999999999,3.51
6,10.9,10.05,3.47
7,11.3,8.799999999999999,3.4
7,10.6,12.45,3.15
6,11.2,7.579999999999999,3.4
5,9.5,7.88,3.51
6,11.5,7.47,3.66
5,10.4,8.24,3.24
5,9.7,7.88,3.51
5,9.5,7.88,3.51
5,9.7,7.905,3.51
6,11.3,7.51,3.41
6,11.2,7.640000000000001,3.4
6,11.2,7.579999999999999,3.4
6,10.9,8.26,3.44
6,11.8,8.425,3.41
5,10.6,7.490000000000001,3.53
4,10.0,7.89,3.43
7,11.1,9.68,3.23
7,11.8,11.240000000000002,3.12
7,11.8,9.510000000000002,3.31
4,10.9,7.569999999999999,3.4
6,11.8,8.425,3.41
6,10.0,9.6,3.22
5,9.5,7.84,3.53
5,9.9,9.94,3.15
6,11.4,8.315,3.48
6,12.0,9.0,3.22
5,9.5,7.84,3.53
6,10.0,9.6,3.22
5,10.5,9.790000000000001,3.34
6,10.4,9.92,3.33
7,12.1,11.6,3.15
6,11.2,7.37,3.43
5,9.3,11.94,3.22
5,10.1,7.78,3.44
5,9.7,7.890000000000001,3.53
6,9.3,10.78,3.22
5,9.7,7.890000000000001,3.53
6,9.8,7.86,3.53
6,10.7,7.699999999999999,3.42
7,12.5,9.000000000000002,3.31
6,10.7,7.699999999999999,3.42
7,12.5,9.000000000000002,3.31
3,11.0,9.34,3.48
5,11.8,9.57,3.4
7,10.8,8.135,3.58
7,10.8,8.135,3.58
7,10.8,7.449999999999999,3.41
7,10.8,7.449999999999999,3.41
5,9.5,9.979999999999999,3.23
5,11.0,8.01,3.39
6,11.5,6.66,3.59
6,10.8,8.05,3.43
6,11.5,7.994999999999999,3.29
6,13.2,10.160000000000002,3.23
6,10.9,9.84,3.18
6,12.2,10.9,3.33
7,12.2,10.255,3.27
6,11.5,7.994999999999999,3.29
6,11.9,9.315,3.27
5,11.0,6.205,3.62
6,10.1,7.52,3.38
6,11.0,9.08,3.3
6,11.8,9.139999999999999,3.38
5,10.5,10.379999999999999,3.24
6,11.0,9.08,3.3
6,11.8,9.139999999999999,3.38
6,10.1,7.52,3.38
5,11.2,9.34,3.18
7,11.0,9.18,3.47
6,10.2,9.97,3.47
4,9.2,9.26,3.2
5,11.2,9.34,3.18
7,12.0,9.41,3.3
5,10.5,7.22,3.69
5,9.8,8.02,3.48
6,9.5,8.29,3.45
5,9.8,8.02,3.48
5,10.5,7.22,3.69
6,11.8,9.480000000000002,3.39
6,11.8,9.480000000000002,3.39
4,10.4,13.13,3.07
7,12.9,7.96,3.34
5,11.4,6.83,3.61
7,12.4,10.45,3.36
7,12.5,10.66,3.19
7,10.0,10.93,3.22
7,9.7,10.64,3.24
7,12.1,9.090000000000002,3.27
7,11.1,11.059999999999999,3.14
7,12.0,11.219999999999999,3.29
7,12.4,9.06,3.26
7,11.9,9.469999999999999,3.41
7,11.9,9.469999999999999,3.41
7,11.9,9.469999999999999,3.41
7,12.4,9.06,3.26
7,11.2,8.91,3.31
7,12.1,11.02,3.2
6,12.2,8.43,3.44
5,10.4,9.23,3.36
6,11.3,9.879999999999999,3.31
6,11.1,10.389999999999999,3.29
7,11.3,7.090000000000001,3.47
5,10.0,8.64,3.36
6,11.1,9.24,3.16
5,9.3,7.8,3.27
5,9.5,7.1899999999999995,3.38
6,11.2,9.46,3.15
6,11.1,9.24,3.16
6,11.0,9.040000000000001,3.34
7,11.9,9.790000000000001,3.13
5,9.2,9.36,3.13
6,12.2,9.83,3.2
5,10.2,7.35,3.46
6,10.9,11.14,3.33
6,10.9,11.14,3.33
7,11.6,10.98,3.22
5,10.7,9.28,3.52
7,12.1,9.540000000000001,3.3
5,9.4,7.91,3.44
5,9.4,7.91,3.44
5,9.1,9.28,3.15
7,11.3,7.720000000000001,3.28
5,10.4,13.139999999999999,3.13
6,10.5,9.9,3.32
5,10.0,10.62,3.25
6,12.9,8.14,3.34
6,10.5,9.9,3.32
5,10.4,13.139999999999999,3.13
6,11.3,7.98,3.45
7,11.4,10.530000000000001,3.19
5,9.4,7.76,3.44
5,9.4,8.209999999999999,3.16
6,10.9,10.395,3.14
5,9.4,8.209999999999999,3.16
5,9.4,7.72,3.45
6,9.4,7.0,3.36
5,9.4,7.72,3.45
5,9.4,10.799999999999999,3.15
6,10.1,8.360000000000001,3.39
7,12.8,6.26,3.71
7,12.8,6.26,3.71
6,9.1,10.08,3.12
6,12.9,7.09,3.47
7,11.5,8.23,3.44
7,10.6,10.63,3.26
7,11.7,9.719999999999999,3.26
7,12.8,7.48,3.36
5,10.3,8.919999999999998,3.25
7,12.8,7.48,3.36
7,11.7,9.719999999999999,3.26
7,11.7,9.74,3.26
7,12.0,9.65,3.23
5,10.9,10.459999999999999,3.18
7,12.3,9.629999999999999,3.25
6,10.4,9.530000000000001,3.17
5,10.0,8.855,3.23
6,10.0,8.21,3.38
6,11.2,8.74,3.22
6,11.4,11.350000000000001,3.06
7,12.6,9.680000000000001,3.27
6,12.7,8.549999999999999,2.89
6,12.7,8.549999999999999,2.89
5,10.4,7.64,3.53
6,11.9,12.32,3.2
6,11.9,12.32,3.2
5,10.5,7.6,3.35
6,12.3,8.94,3.27
7,10.5,8.29,3.32
6,10.4,9.43,3.33
6,12.6,8.530000000000001,3.41
5,11.6,7.195,3.49
6,10.1,7.75,3.37
7,10.5,8.29,3.32
7,11.5,7.6899999999999995,3.42
7,11.0,7.859999999999999,3.35
5,9.6,8.92,3.36
6,10.4,8.15,3.3
6,9.7,9.825,3.2
7,10.6,10.809999999999999,3.17
7,12.5,8.25,3.22
5,9.2,8.309999999999999,3.35
7,12.6,9.52,3.24
6,11.1,9.610000000000001,3.33
5,10.2,8.365,3.58
6,9.8,7.580000000000001,3.38
6,11.1,9.610000000000001,3.33
7,10.9,10.3,3.29
6,12.2,7.12,3.36
6,11.4,7.340000000000001,3.32
6,10.7,8.379999999999999,3.31
5,10.4,7.699999999999999,3.49
6,10.9,10.15,3.27
6,10.8,10.16,3.27
5,10.4,7.699999999999999,3.49
5,9.2,9.55,3.03
5,12.9,6.255,3.56
7,12.7,9.05,3.38
6,9.1,9.11,3.13
6,9.1,9.11,3.13
7,12.1,9.91,3.21
5,9.1,8.27,3.15
7,11.6,11.0,3.19
7,12.1,9.91,3.21
6,9.9,12.4,3.14
8,12.5,10.0,3.21
6,11.4,8.82,3.3
6,11.8,11.139999999999999,3.22
6,11.8,9.03,3.28
6,10.2,8.49,3.29
7,12.5,7.199999999999999,3.4
7,10.9,11.94,3.02
7,10.9,11.94,3.02
5,10.8,8.969999999999999,3.31
7,11.1,10.08,3.18
5,9.2,8.469999999999999,3.2
6,9.5,7.81,3.4
6,10.7,8.95,3.31
5,9.2,8.469999999999999,3.2
7,10.2,9.69,3.44
6,11.4,10.780000000000001,3.15
5,11.0,9.62,3.27
5,11.0,9.62,3.27
7,12.3,8.88,3.01
6,11.8,11.13,3.16
7,12.3,8.88,3.01
6,9.5,7.88,3.42
6,12.0,9.569999999999999,3.33
6,9.5,7.88,3.42
5,9.6,7.359999999999999,3.12
7,11.6,9.24,3.38
6,11.2,8.51,3.29
7,9.9,12.55,3.02
7,9.9,12.55,3.02
8,11.8,10.8,2.98
6,11.4,8.66,3.35
6,11.5,7.63,3.43
7,12.0,9.87,3.33
6,10.8,7.414999999999999,3.35
5,10.5,10.270000000000001,3.15
6,10.8,7.414999999999999,3.35
5,9.4,9.5,3.2
7,12.5,8.76,3.15
5,9.4,9.5,3.2
6,12.4,9.16,3.11
6,12.0,8.16,3.35
6,11.2,6.67,3.45
6,12.0,8.16,3.35
6,12.4,8.82,3.28
5,12.8,7.15,3.41
6,12.3,8.85,3.21
7,11.7,9.81,3.27
5,9.5,8.979999999999999,3.36
6,10.8,11.700000000000001,3.17
6,10.0,8.83,3.25
7,12.3,6.09,3.78
6,11.0,8.64,3.29
6,9.5,9.530000000000001,3.12
6,13.6,5.9,3.49
6,11.3,7.76,3.38
6,11.3,7.76,3.38
6,11.3,7.76,3.38
6,13.3,7.609999999999999,3.3
5,12.9,6.26,3.52
8,13.1,8.780000000000001,3.2
6,12.3,7.1,3.44
6,12.3,6.77,3.45
6,11.2,11.469999999999999,3.12
4,11.5,7.08,3.62
7,11.3,9.39,3.14
6,13.5,6.35,3.39
6,11.5,7.06,3.51
5,10.0,10.76,3.22
6,10.5,11.28,3.21
6,10.4,9.7,3.18
5,9.5,6.300000000000001,3.32
7,13.6,8.100000000000001,3.38
7,11.2,7.75,3.37
7,11.8,9.129999999999999,3.3
6,11.9,8.68,3.38
6,11.4,11.37,3.22
6,11.4,11.37,3.22
5,9.1,8.06,3.14
6,9.5,8.95,3.34
6,9.5,8.0,3.41
6,11.0,8.9,3.27
6,11.4,7.460000000000001,3.3
6,10.0,7.52,3.61
5,10.1,7.8500000000000005,3.43
6,10.4,8.829999999999998,3.53
6,9.8,8.42,3.28
7,11.8,10.86,3.21
6,11.6,8.61,3.39
6,12.0,10.82,3.23
7,12.8,8.85,3.3
6,12.5,6.91,3.46
5,9.8,9.15,3.15
6,11.1,10.37,3.23
6,11.4,7.18,3.59
5,9.8,9.15,3.15
7,11.8,9.19,3.33
7,12.9,5.789999999999999,3.46
6,10.6,7.54,3.42
5,10.8,11.04,3.16
7,11.1,11.53,3.14
6,10.2,9.68,3.21
7,11.8,9.24,3.14
5,10.0,10.025,3.29
5,10.0,10.025,3.29
5,9.4,9.44,3.01
5,10.2,10.700000000000001,2.94
7,12.4,8.92,3.32
6,12.0,7.109999999999999,3.21
6,11.5,8.389999999999999,3.32
6,10.5,9.899999999999999,3.2
6,10.8,7.6899999999999995,3.42
6,12.3,10.58,3.27
6,9.5,8.27,3.46
6,9.5,8.27,3.46
6,11.5,7.11,3.61
4,11.2,7.41,3.58
7,12.7,7.76,3.35
5,11.4,6.515,3.68
6,11.0,8.879999999999999,3.27
6,11.0,8.879999999999999,3.27
5,11.4,10.620000000000001,3.19
6,10.5,11.0,3.38
5,9.3,7.53,3.29
5,10.9,7.57,3.36
6,11.9,7.7299999999999995,3.33
5,12.2,7.43,3.52
6,11.9,7.7299999999999995,3.33
5,10.9,7.57,3.36
4,9.6,9.805000000000001,3.3
6,12.5,10.07,3.28
5,10.8,7.385,3.56
7,12.4,7.82,3.52
5,10.8,7.285,3.56
6,9.5,7.865,3.22
6,9.5,6.85,3.52
6,9.5,8.71,3.21
6,9.8,8.48,3.16
6,10.9,8.22,3.15
6,9.5,8.71,3.21
6,9.8,8.48,3.16
7,11.2,8.6,3.27
8,11.7,9.41,3.35
5,9.4,10.83,3.14
7,11.0,8.020000000000001,3.4
7,11.0,8.020000000000001,3.4
7,11.0,8.020000000000001,3.4
5,10.0,11.170000000000002,3.35
7,11.0,8.020000000000001,3.4
7,11.2,7.02,3.45
6,10.4,7.47,3.35
5,9.3,7.19,3.32
6,10.4,7.47,3.35
6,10.5,10.4,3.15
6,10.4,10.99,3.1
6,11.3,9.530000000000001,3.26
6,9.5,8.780000000000001,3.29
6,12.0,8.909999999999998,3.23
6,10.6,8.91,3.24
6,10.9,9.790000000000001,3.2
6,11.5,11.74,3.28
6,11.5,11.74,3.28
6,9.6,8.85,3.26
6,12.0,11.33,3.23
6,10.3,13.48,3.07
5,9.4,9.89,3.15
5,9.2,8.11,3.02
5,9.6,9.83,3.27
7,13.6,5.52,3.68
5,9.5,8.319999999999999,3.4
6,11.8,8.22,3.37
5,10.8,8.625,3.38
5,9.5,8.319999999999999,3.4
4,9.3,10.799999999999999,3.23
6,12.8,7.859999999999999,3.39
4,11.5,6.65,3.3
6,9.4,8.35,3.26
6,12.8,7.859999999999999,3.39
4,9.6,8.83,3.38
4,11.8,7.17,3.45
5,9.3,8.309999999999999,3.1
5,9.8,10.56,3.16
6,12.2,9.81,3.22
5,9.5,9.080000000000002,3.37
6,10.3,6.44,3.33
5,10.5,8.14,3.49
5,10.0,8.21,3.12
5,10.5,8.14,3.49
6,11.1,7.640000000000001,3.41
6,10.9,7.709999999999999,3.4
6,10.9,7.709999999999999,3.4
5,9.8,8.22,3.28
5,9.8,7.819999999999999,3.45
5,9.5,8.56,3.43
5,10.9,8.56,3.4
5,11.0,6.759999999999999,3.47
5,9.2,8.31,3.1
6,11.0,7.86,3.32
6,11.3,7.4399999999999995,3.44
6,11.3,7.4399999999999995,3.44
5,9.3,9.915,3.02
4,11.2,7.32,3.59
5,9.8,10.63,3.15
4,9.6,8.979999999999999,3.37
6,11.8,9.19,3.38
6,10.3,7.82,3.38
6,10.3,7.82,3.38
6,11.4,11.33,3.1
6,9.5,7.62,3.47
8,14.0,6.0200000000000005,3.5
6,14.0,5.39,3.7
6,11.7,7.94,3.38
5,11.2,6.36,3.5
5,9.3,8.28,3.1
6,11.2,8.51,3.24
6,9.5,8.935,3.24
4,12.0,9.3,3.28
6,9.7,7.6899999999999995,3.35
6,9.5,8.935,3.24
7,11.5,10.490000000000002,3.14
6,10.4,7.76,3.37
6,10.4,7.76,3.37
6,10.9,8.665000000000001,3.33
6,10.2,9.61,3.26
5,10.9,7.61,3.39
5,10.5,12.17,3.15
6,12.4,7.7,3.35
5,13.0,8.68,3.22
5,10.2,7.8999999999999995,3.3
5,10.2,7.8999999999999995,3.3
5,11.0,8.34,3.36
6,10.9,8.934999999999999,3.29
6,12.4,6.425,3.62
4,9.7,8.255,3.34
6,10.9,8.934999999999999,3.29
5,9.5,7.2299999999999995,3.2
5,9.5,7.2299999999999995,3.2
6,12.1,7.87,3.35
6,12.2,6.3,3.45
3,10.9,9.18,3.5
6,12.5,5.845000000000001,3.78
6,11.7,7.630000000000001,3.6
6,11.2,9.79,3.3
5,11.2,8.719999999999999,3.36
5,9.2,8.600000000000001,3.12
5,9.8,8.37,3.3
5,10.1,10.709999999999999,3.29
4,11.1,7.569999999999999,3.41
5,10.1,10.709999999999999,3.29
5,9.2,7.72,3.28
5,9.8,8.37,3.3
6,12.8,7.16,3.33
5,10.5,9.39,3.34
6,10.1,7.57,3.4
6,10.1,7.57,3.4
6,9.8,8.4,3.26
6,12.5,6.140000000000001,4.01
6,11.9,10.8,3.18
6,9.8,8.4,3.26
6,9.1,10.54,2.9
5,10.1,10.7,3.26
6,12.5,5.74,4.01
5,11.4,9.86,3.18
7,11.0,9.85,3.18
6,10.6,7.4,3.39
6,10.6,7.4,3.39
6,10.6,7.4,3.39
6,10.6,7.4,3.39
5,9.3,7.13,3.34
6,9.8,8.26,3.29
6,9.8,8.26,3.29
5,9.2,8.93,3.26
6,9.7,8.89,3.09
5,9.6,10.095,3.18
5,10.0,8.035,3.39
6,12.6,7.199999999999999,3.38
5,9.5,6.5,3.36
5,9.5,6.5,3.36
5,9.5,6.5,3.36
6,10.5,8.03,3.36
6,10.5,8.03,3.36
6,10.5,8.03,3.36
6,10.4,8.16,3.37
6,10.5,8.03,3.36
5,11.0,12.4,3.09
6,10.2,8.879999999999999,3.25
5,11.4,6.699999999999999,3.52
5,9.5,7.885000000000001,3.34
5,9.5,7.885000000000001,3.34
5,10.8,7.470000000000001,3.41
5,10.0,9.889999999999999,3.34
6,11.8,7.83,3.32
5,10.3,8.274999999999999,3.37
5,10.3,8.274999999999999,3.37
5,10.0,7.8100000000000005,3.35
5,10.1,6.67,3.36
5,10.1,6.6899999999999995,3.36
6,11.1,7.97,3.6
5,9.5,8.21,3.28
6,10.0333333333333,12.475,3.07
5,10.9,10.049999999999999,3.24
5,10.1,9.290000000000001,3.36
6,10.0333333333333,12.475,3.07
4,9.8,9.1,3.29
6,11.8,7.824999999999999,3.46
5,9.5,8.39,3.18
5,9.8,8.12,3.24
6,10.5,7.74,3.25
6,9.8,9.09,3.27
4,10.4,7.21,3.33
5,9.2,9.989999999999998,3.0
6,11.6,8.64,3.21
5,9.2,9.989999999999998,3.0
5,9.3,8.719999999999999,3.24
3,9.8,7.615,3.32
5,9.9,8.02,3.26
5,10.0,9.284999999999998,3.11
6,12.2,5.95,3.71
6,9.9,7.800000000000001,3.29
6,10.8,8.09,3.36
6,10.8,8.09,3.36
5,9.6,7.72,3.38
5,9.9,8.82,3.3
5,9.9,8.82,3.3
5,9.5,8.004999999999999,3.19
5,9.2,9.06,3.19
5,9.6,8.110000000000001,3.3
5,9.6,8.110000000000001,3.3
5,10.3,7.549999999999999,3.35
5,9.7,7.199999999999999,3.1
6,12.5,6.49,3.58
5,11.0,8.860000000000001,3.37
5,9.8,7.779999999999999,3.17
5,10.2,8.77,3.3
5,9.2,7.11,3.32
6,9.55,9.385,3.31
5,9.55,9.475,3.31
5,9.9,8.15,3.28
7,10.2,7.72,3.52
6,11.1,7.87,3.42
5,9.9,8.8,3.25
5,9.9,8.8,3.25
6,11.9,8.32,3.44
8,10.0,7.86,3.23
6,10.7,8.89,3.43
7,11.3,8.280000000000001,3.28
6,10.9,8.78,3.22
6,10.7,6.51,3.54
7,12.4,8.749999999999998,3.27
6,10.7,6.51,3.54
6,11.9,7.56,3.5
6,10.6,7.2700000000000005,3.56
6,10.9,8.78,3.22
5,10.1,10.72,3.04
5,9.6,10.91,3.2
5,9.4,6.78,3.56
5,9.6,10.91,3.2
7,12.1,7.97,3.35
5,9.8,8.34,3.16
5,9.9,8.55,3.27
5,9.8,8.34,3.16
5,9.4,8.08,3.34
6,11.4,7.54,3.39
4,11.0,7.0200000000000005,3.5
6,9.6,8.93,3.26
6,9.6,8.93,3.26
6,12.1,8.3,3.41
5,11.2,8.34,3.3
5,11.0,8.44,3.31
5,11.3,8.48,3.33
5,10.4,8.05,3.37
6,9.9,8.34,3.26
6,11.7,6.340000000000001,3.48
7,10.1,6.66,3.42
6,9.0,11.109999999999998,3.18
6,9.0,11.109999999999998,3.18
5,8.5,10.760000000000002,3.15
5,11.1,8.004999999999999,3.53
5,10.3,7.59,3.41
6,11.066666666666698,7.989999999999999,3.32
7,11.3,7.890000000000001,3.23
6,9.56666666666667,8.375,3.16
5,9.8,7.55,3.4
5,11.7,7.680000000000001,3.38
6,11.1,7.989999999999999,3.32
6,9.6,8.375,3.16
5,9.8,7.55,3.4
5,9.7,7.47,3.4
5,9.7,7.49,3.4
8,11.3,7.89,3.23
7,11.3,7.890000000000001,3.23
7,11.0,8.559999999999999,3.33
7,11.6,7.199999999999999,3.35
5,9.0,8.42,3.41
6,10.9,12.78,3.21
6,10.9,7.4,3.5
6,10.55,6.6,3.3
5,9.0,8.42,3.41
5,10.5,9.09,3.39
7,11.9,8.45,3.32
6,10.4,6.91,3.41
4,10.0,6.985,3.59
6,10.4,7.47,3.36
6,10.8,7.54,3.34
5,9.7,7.489999999999999,3.41
5,9.7,7.489999999999999,3.41
7,10.0,8.1,3.3
4,11.0,7.82,3.52
7,10.0,8.1,3.3
3,9.7,8.33,3.31
5,9.7,10.799999999999999,2.88
5,12.6,7.48,3.43
6,11.1,8.549999999999999,3.38
5,11.0,6.779999999999999,3.38
5,8.8,10.9,3.16
7,13.566666666666698,5.88,3.54
5,8.8,10.9,3.16
7,13.6,5.88,3.54
3,10.2,8.025,3.4
5,10.6,9.079999999999998,3.39
4,10.1,6.25,3.66
5,10.6,9.079999999999998,3.39
4,10.3,8.32,3.33
5,10.7,8.87,3.35
4,10.9,7.77,3.53
5,9.7,7.815,3.37
5,10.3,7.6899999999999995,3.38
5,10.6,6.6899999999999995,3.52
5,11.4,6.18,3.72
6,10.8,6.87,3.44
6,12.4,7.81,3.39
5,11.4,6.18,3.72
5,11.95,6.91,3.57
5,9.7,8.5,3.26
7,10.0,6.8,3.42
6,10.6,7.449999999999999,3.35
5,9.7,8.5,3.26
6,11.5,7.670000000000001,3.45
6,10.8,7.534999999999999,3.53
6,11.5,7.670000000000001,3.45
5,9.6,8.264999999999999,3.26
5,9.4,8.909999999999998,3.16
5,9.8,8.065,3.31
6,11.0,7.03,3.51
6,11.4,8.45,3.36
3,9.95,7.4799999999999995,3.55
6,10.8,7.659999999999999,3.51
6,11.4,8.45,3.36
6,10.6,7.969999999999999,3.38
5,11.1,8.48,3.28
6,9.7,6.970000000000001,3.47
5,9.8,7.829999999999999,3.44
6,10.4,7.23,3.53
6,10.5,7.110000000000001,3.33
6,9.23333333333333,7.95,3.53
6,9.25,7.95,3.53
5,10.6,6.67,3.42
6,10.3,7.09,3.38
5,10.5,8.33,3.32
5,10.2,7.38,3.44
6,10.3,7.09,3.38
4,9.05,7.580000000000001,3.39
5,10.6,6.67,3.42
5,10.4,7.529999999999999,3.34
6,10.0,6.61,3.39
5,9.7,7.26,3.33
6,9.6,7.35,3.3
6,10.8,7.7,3.29
6,10.1,8.68,3.31
6,10.2,7.869999999999999,3.42
6,11.3,7.13,3.42
5,10.2,6.904999999999999,3.6
6,9.9,7.86,3.21
5,9.0,8.690000000000001,3.39
7,11.7,7.3,3.42
6,9.7,7.68,3.36
6,10.3,6.71,3.6
6,10.2,6.0600000000000005,3.5
5,12.0,6.93,3.57
5,9.9,7.91,3.46
6,11.6,6.800000000000001,3.56
7,10.9,7.94,3.4
6,10.75,7.574999999999999,3.3
6,10.4,11.959999999999999,3.25
7,11.2,9.2,3.17
6,10.1,7.46,3.36
5,10.2,7.59,3.36
5,12.1,6.999999999999999,3.55
5,10.4,12.1,3.1
8,11.4,8.06,3.24
5,9.5,7.779999999999999,3.45
5,9.4,7.77,3.44
6,11.3,6.989999999999999,3.51
5,9.4,8.035,3.41
6,11.0,7.475,3.54
7,10.55,7.73,3.44
5,9.9,7.52,3.53
6,11.0,7.475,3.54
5,9.5,7.86,3.22
5,9.9,8.66,3.21
5,9.9,8.66,3.21
5,9.9,8.66,3.21
5,10.1,8.025,3.29
5,10.1,8.025,3.29
5,10.1,8.025,3.29
6,10.9,7.39,3.39
6,11.2,7.5,3.34
5,10.1,8.025,3.29
5,9.2,7.69,3.34
6,11.5,6.85,3.48
6,12.4,7.290000000000001,3.37
6,11.1,6.92,3.44
5,9.5,8.31,3.33
6,12.5,6.78,3.58
6,10.5,6.6899999999999995,3.39
6,11.8,8.42,3.26
6,10.8,8.930000000000001,3.3
6,11.9,7.050000000000001,3.54
6,11.3,7.62,3.42
5,11.3,6.85,3.54
6,11.9,8.08,3.36
5,11.3,6.85,3.54
5,11.9,6.914999999999999,3.57
5,9.8,6.95,3.33
7,11.6,7.460000000000001,3.29
6,11.5,8.03,3.3
6,11.4,8.219999999999999,3.34
6,10.9,6.5200000000000005,3.55
6,12.8,8.19,3.27
5,9.2,7.5249999999999995,3.29
6,11.6,7.0,3.32
6,11.6,6.23,3.67
6,11.0,6.9399999999999995,3.42
6,9.5,7.5,3.42
5,10.5,6.88,3.45
6,11.2,6.55,3.52
6,11.0,6.9399999999999995,3.42
5,10.2,6.665,3.57
6,11.0,6.779999999999999,3.39
