alcohol,alcohol_std
9.4,-0.9599457953606226
9.8,-0.584594225308564
9.8,-0.584594225308564
9.8,-0.584594225308564
9.4,-0.9599457953606226
9.4,-0.9599457953606226
9.4,-0.9599457953606226
10.0,-0.3969184402825354
9.5,-0.8661079028476084
10.5,0.07227102228253755
9.2,-1.1476215803866527
10.5,0.07227102228253755
9.9,-0.4907563327955497
9.1,-1.241459472899667
9.2,-1.1476215803866527
9.2,-1.1476215803866527
10.5,0.07227102228253755
9.3,-1.0537836878736369
9.0,-1.3352973654126814
9.2,-1.1476215803866527
9.4,-0.9599457953606226
9.7,-0.6784321178215799
9.5,-0.8661079028476084
9.4,-0.9599457953606226
9.7,-0.6784321178215799
9.3,-1.0537836878736369
9.5,-0.8661079028476084
9.5,-0.8661079028476084
9.4,-0.9599457953606226
9.8,-0.584594225308564
10.1,-0.30308054776952115
10.6,0.16610891479555182
9.8,-0.584594225308564
9.4,-0.9599457953606226
9.2,-1.1476215803866527
9.6,-0.7722700103345941
10.8,0.353784699821582
9.7,-0.6784321178215799
9.8,-0.584594225308564
10.5,0.07227102228253755
10.5,0.07227102228253755
9.3,-1.0537836878736369
10.5,0.07227102228253755
10.3,-0.11540476274349097
9.5,-0.8661079028476084
13.1,2.5120562276209166
9.2,-1.1476215803866527
9.5,-0.8661079028476084
9.2,-1.1476215803866527
9.2,-1.1476215803866527
9.2,-1.1476215803866527
9.4,-0.9599457953606226
9.4,-0.9599457953606226
9.4,-0.9599457953606226
10.2,-0.2092426552565069
9.5,-0.8661079028476084
9.6,-0.7722700103345941
9.4,-0.9599457953606226
10.0,-0.3969184402825354
9.4,-0.9599457953606226
9.2,-1.1476215803866527
9.3,-1.0537836878736369
9.5,-0.8661079028476084
9.8,-0.584594225308564
10.9,0.4476225923345963
10.9,0.4476225923345963
9.6,-0.7722700103345941
10.7,0.25994680730856606
10.7,0.25994680730856606
10.5,0.07227102228253755
9.5,-0.8661079028476084
9.5,-0.8661079028476084
9.5,-0.8661079028476084
9.2,-1.1476215803866527
9.6,-0.7722700103345941
10.5,0.07227102228253755
10.5,0.07227102228253755
10.7,0.25994680730856606
10.1,-0.30308054776952115
9.1,-1.241459472899667
9.2,-1.1476215803866527
9.4,-0.9599457953606226
9.1,-1.241459472899667
9.4,-0.9599457953606226
10.3,-0.11540476274349097
10.1,-0.30308054776952115
9.9,-0.4907563327955497
9.6,-0.7722700103345941
9.5,-0.8661079028476084
9.0,-1.3352973654126814
9.5,-0.8661079028476084
9.9,-0.4907563327955497
9.8,-0.584594225308564
9.6,-0.7722700103345941
10.5,0.07227102228253755
12.9,2.324380442594888
10.7,0.25994680730856606
9.2,-1.1476215803866527
9.8,-0.584594225308564
9.0,-1.3352973654126814
10.2,-0.2092426552565069
10.4,-0.021566870230476706
9.0,-1.3352973654126814
9.2,-1.1476215803866527
9.4,-0.9599457953606226
9.2,-1.1476215803866527
9.3,-1.0537836878736369
9.3,-1.0537836878736369
9.6,-0.7722700103345941
9.3,-1.0537836878736369
9.5,-0.8661079028476084
9.8,-0.584594225308564
9.8,-0.584594225308564
9.7,-0.6784321178215799
9.5,-0.8661079028476084
10.5,0.07227102228253755
10.0,-0.3969184402825354
9.4,-0.9599457953606226
10.9,0.4476225923345963
9.2,-1.1476215803866527
9.0,-1.3352973654126814
10.9,0.4476225923345963
9.2,-1.1476215803866527
9.5,-0.8661079028476084
9.5,-0.8661079028476084
9.4,-0.9599457953606226
10.9,0.4476225923345963
10.9,0.4476225923345963
10.5,0.07227102228253755
9.4,-0.9599457953606226
9.4,-0.9599457953606226
13.0,2.4182183351079023
13.0,2.4182183351079023
9.8,-0.584594225308564
9.9,-0.4907563327955497
9.6,-0.7722700103345941
9.5,-0.8661079028476084
9.2,-1.1476215803866527
9.5,-0.8661079028476084
9.5,-0.8661079028476084
9.6,-0.7722700103345941
9.5,-0.8661079028476084
14.0,3.3565972602380483
9.4,-0.9599457953606226
14.0,3.3565972602380483
9.4,-0.9599457953606226
10.0,-0.3969184402825354
9.3,-1.0537836878736369
10.2,-0.2092426552565069
10.5,0.07227102228253755
10.3,-0.11540476274349097
9.4,-0.9599457953606226
10.1,-0.30308054776952115
10.1,-0.30308054776952115
10.5,0.07227102228253755
10.5,0.07227102228253755
10.5,0.07227102228253755
10.5,0.07227102228253755
9.3,-1.0537836878736369
9.3,-1.0537836878736369
9.6,-0.7722700103345941
9.2,-1.1476215803866527
10.0,-0.3969184402825354
9.4,-0.9599457953606226
9.4,-0.9599457953606226
9.5,-0.8661079028476084
10.2,-0.2092426552565069
9.0,-1.3352973654126814
10.4,-0.021566870230476706
9.5,-0.8661079028476084
9.1,-1.241459472899667
9.2,-1.1476215803866527
9.2,-1.1476215803866527
11.5,1.0106499474126835
9.5,-0.8661079028476084
9.5,-0.8661079028476084
9.5,-0.8661079028476084
10.5,0.07227102228253755
9.6,-0.7722700103345941
9.5,-0.8661079028476084
9.5,-0.8661079028476084
9.3,-1.0537836878736369
9.3,-1.0537836878736369
9.3,-1.0537836878736369
9.3,-1.0537836878736369
9.7,-0.6784321178215799
9.2,-1.1476215803866527
9.7,-0.6784321178215799
9.5,-0.8661079028476084
9.5,-0.8661079028476084
9.4,-0.9599457953606226
9.8,-0.584594225308564
9.5,-0.8661079028476084
9.7,-0.6784321178215799
9.7,-0.6784321178215799
9.4,-0.9599457953606226
10.2,-0.2092426552565069
10.1,-0.30308054776952115
13.0,2.4182183351079023
11.4,0.9168120548996692
10.3,-0.11540476274349097
9.3,-1.0537836878736369
9.5,-0.8661079028476084
9.2,-1.1476215803866527
9.2,-1.1476215803866527
10.8,0.353784699821582
10.8,0.353784699821582
9.3,-1.0537836878736369
9.4,-0.9599457953606226
10.5,0.07227102228253755
12.4,1.8551909800298152
10.0,-0.3969184402825354
10.2,-0.2092426552565069
10.1,-0.30308054776952115
9.8,-0.584594225308564
10.5,0.07227102228253755
11.0,0.5414604848476106
9.1,-1.241459472899667
9.7,-0.6784321178215799
9.5,-0.8661079028476084
9.4,-0.9599457953606226
9.4,-0.9599457953606226
9.5,-0.8661079028476084
10.0,-0.3969184402825354
10.4,-0.021566870230476706
10.5,0.07227102228253755
9.5,-0.8661079028476084
9.8,-0.584594225308564
10.5,0.07227102228253755
11.0,0.5414604848476106
12.2,1.667515195003785
9.9,-0.4907563327955497
9.6,-0.7722700103345941
11.0,0.5414604848476106
9.0,-1.3352973654126814
9.0,-1.3352973654126814
9.0,-1.3352973654126814
9.2,-1.1476215803866527
9.0,-1.3352973654126814
9.0,-1.3352973654126814
9.3,-1.0537836878736369
10.9,0.4476225923345963
9.8,-0.584594225308564
9.2,-1.1476215803866527
9.2,-1.1476215803866527
9.9,-0.4907563327955497
9.5,-0.8661079028476084
9.3,-1.0537836878736369
9.8,-0.584594225308564
9.9,-0.4907563327955497
10.0,-0.3969184402825354
9.9,-0.4907563327955497
10.5,0.07227102228253755
9.5,-0.8661079028476084
9.9,-0.4907563327955497
9.3,-1.0537836878736369
9.2,-1.1476215803866527
9.2,-1.1476215803866527
9.4,-0.9599457953606226
10.5,0.07227102228253755
9.3,-1.0537836878736369
9.4,-0.9599457953606226
10.0,-0.3969184402825354
9.3,-1.0537836878736369
10.9,0.4476225923345963
10.2,-0.2092426552565069
9.8,-0.584594225308564
12.8,2.230542550081874
9.4,-0.9599457953606226
10.1,-0.30308054776952115
10.7,0.25994680730856606
10.1,-0.30308054776952115
10.1,-0.30308054776952115
9.4,-0.9599457953606226
9.4,-0.9599457953606226
10.7,0.25994680730856606
9.4,-0.9599457953606226
10.1,-0.30308054776952115
12.6,2.0428667650558436
10.5,0.07227102228253755
9.3,-1.0537836878736369
9.9,-0.4907563327955497
9.1,-1.241459472899667
10.5,0.07227102228253755
9.8,-0.584594225308564
9.8,-0.584594225308564
10.3,-0.11540476274349097
10.3,-0.11540476274349097
10.6,0.16610891479555182
9.2,-1.1476215803866527
10.6,0.16610891479555182
10.5,0.07227102228253755
10.3,-0.11540476274349097
10.1,-0.30308054776952115
9.5,-0.8661079028476084
9.5,-0.8661079028476084
9.9,-0.4907563327955497
9.6,-0.7722700103345941
9.7,-0.6784321178215799
9.6,-0.7722700103345941
10.7,0.25994680730856606
10.1,-0.30308054776952115
10.0,-0.3969184402825354
9.5,-0.8661079028476084
9.2,-1.1476215803866527
9.3,-1.0537836878736369
9.4,-0.9599457953606226
9.5,-0.8661079028476084
9.5,-0.8661079028476084
9.5,-0.8661079028476084
9.3,-1.0537836878736369
9.4,-0.9599457953606226
9.5,-0.8661079028476084
9.4,-0.9599457953606226
11.0,0.5414604848476106
11.0,0.5414604848476106
10.1,-0.30308054776952115
10.4,-0.021566870230476706
11.5,1.0106499474126835
10.4,-0.021566870230476706
11.5,1.0106499474126835
9.7,-0.6784321178215799
9.3,-1.0537836878736369
9.5,-0.8661079028476084
9.2,-1.1476215803866527
9.2,-1.1476215803866527
11.5,1.0106499474126835
11.5,1.0106499474126835
9.7,-0.6784321178215799
9.5,-0.8661079028476084
12.5,1.9490288725428295
12.5,1.9490288725428295
9.4,-0.9599457953606226
11.0,0.5414604848476106
11.7,1.198325732438712
12.2,1.667515195003785
12.5,1.9490288725428295
10.3,-0.11540476274349097
11.5,1.0106499474126835
9.8,-0.584594225308564
9.2,-1.1476215803866527
11.3,0.822974162386655
9.8,-0.584594225308564
9.8,-0.584594225308564
10.7,0.25994680730856606
9.9,-0.4907563327955497
12.3,1.7613530875168009
12.0,1.4798394099777565
10.0,-0.3969184402825354
9.4,-0.9599457953606226
9.9,-0.4907563327955497
9.4,-0.9599457953606226
9.3,-1.0537836878736369
13.0,2.4182183351079023
11.9,1.3860015174647422
12.8,2.230542550081874
11.0,0.5414604848476106
11.7,1.198325732438712
10.4,-0.021566870230476706
9.8,-0.584594225308564
9.4,-0.9599457953606226
9.9,-0.4907563327955497
10.0,-0.3969184402825354
10.2,-0.2092426552565069
10.0,-0.3969184402825354
11.8,1.2921636249517279
10.0,-0.3969184402825354
9.0,-1.3352973654126814
9.4,-0.9599457953606226
12.0,1.4798394099777565
9.9,-0.4907563327955497
8.7,-1.6168110429517257
10.6,0.16610891479555182
9.2,-1.1476215803866527
10.8,0.353784699821582
11.8,1.2921636249517279
11.0,0.5414604848476106
12.0,1.4798394099777565
13.3,2.699732012646947
10.8,0.353784699821582
9.4,-0.9599457953606226
10.0,-0.3969184402825354
9.4,-0.9599457953606226
9.4,-0.9599457953606226
9.2,-1.1476215803866527
9.7,-0.6784321178215799
9.2,-1.1476215803866527
9.6,-0.7722700103345941
9.2,-1.1476215803866527
10.0,-0.3969184402825354
12.9,2.324380442594888
10.0,-0.3969184402825354
9.5,-0.8661079028476084
9.1,-1.241459472899667
9.9,-0.4907563327955497
13.0,2.4182183351079023
9.9,-0.4907563327955497
11.0,0.5414604848476106
11.0,0.5414604848476106
9.4,-0.9599457953606226
9.9,-0.4907563327955497
10.8,0.353784699821582
10.5,0.07227102228253755
10.5,0.07227102228253755
9.1,-1.241459472899667
10.1,-0.30308054776952115
10.8,0.353784699821582
10.8,0.353784699821582
11.3,0.822974162386655
9.6,-0.7722700103345941
9.5,-0.8661079028476084
9.5,-0.8661079028476084
9.3,-1.0537836878736369
11.7,1.198325732438712
9.5,-0.8661079028476084
9.3,-1.0537836878736369
11.7,1.198325732438712
10.5,0.07227102228253755
10.4,-0.021566870230476706
9.9,-0.4907563327955497
11.8,1.2921636249517279
12.3,1.7613530875168009
10.9,0.4476225923345963
11.0,0.5414604848476106
10.9,0.4476225923345963
12.3,1.7613530875168009
11.4,0.9168120548996692
10.6,0.16610891479555182
9.3,-1.0537836878736369
10.4,-0.021566870230476706
11.0,0.5414604848476106
9.2,-1.1476215803866527
12.8,2.230542550081874
9.5,-0.8661079028476084
9.9,-0.4907563327955497
9.5,-0.8661079028476084
10.2,-0.2092426552565069
11.2,0.729136269873639
9.9,-0.4907563327955497
9.3,-1.0537836878736369
9.8,-0.584594225308564
11.3,0.822974162386655
11.2,0.729136269873639
11.6,1.1044878399256977
12.5,1.9490288725428295
10.1,-0.30308054776952115
10.5,0.07227102228253755
11.2,0.729136269873639
10.2,-0.2092426552565069
10.8,0.353784699821582
10.8,0.353784699821582
9.1,-1.241459472899667
10.0,-0.3969184402825354
11.2,0.729136269873639
11.1,0.6352983773606248
13.4,2.793569905159961
10.3,-0.11540476274349097
9.6,-0.7722700103345941
11.2,0.729136269873639
9.0,-1.3352973654126814
11.3,0.822974162386655
9.3,-1.0537836878736369
11.8,1.2921636249517279
9.0,-1.3352973654126814
9.2,-1.1476215803866527
9.7,-0.6784321178215799
11.5,1.0106499474126835
14.0,3.3565972602380483
9.2,-1.1476215803866527
9.8,-0.584594225308564
10.6,0.16610891479555182
11.4,0.9168120548996692
10.4,-0.021566870230476706
10.6,0.16610891479555182
9.4,-0.9599457953606226
10.2,-0.2092426552565069
9.7,-0.6784321178215799
11.0,0.5414604848476106
10.2,-0.2092426552565069
10.1,-0.30308054776952115
9.2,-1.1476215803866527
11.7,1.198325732438712
9.4,-0.9599457953606226
9.4,-0.9599457953606226
13.4,2.793569905159961
10.0,-0.3969184402825354
10.0,-0.3969184402825354
10.0,-0.3969184402825354
10.8,0.353784699821582
10.2,-0.2092426552565069
10.6,0.16610891479555182
13.3,2.699732012646947
13.4,2.793569905159961
11.6,1.1044878399256977
12.1,1.5736773024907706
11.0,0.5414604848476106
9.0,-1.3352973654126814
11.1,0.6352983773606248
11.0,0.5414604848476106
11.6,1.1044878399256977
9.0,-1.3352973654126814
12.0,1.4798394099777565
12.0,1.4798394099777565
10.9,0.4476225923345963
10.8,0.353784699821582
12.5,1.9490288725428295
10.8,0.353784699821582
9.5,-0.8661079028476084
10.2,-0.2092426552565069
11.4,0.9168120548996692
9.5,-0.8661079028476084
10.2,-0.2092426552565069
9.7,-0.6784321178215799
11.8,1.2921636249517279
11.8,1.2921636249517279
9.3,-1.0537836878736369
11.9,1.3860015174647422
8.4,-1.8983247204907685
11.7,1.198325732438712
11.0,0.5414604848476106
10.0,-0.3969184402825354
9.1,-1.241459472899667
9.8,-0.584594225308564
9.4,-0.9599457953606226
9.5,-0.8661079028476084
9.9,-0.4907563327955497
11.0,0.5414604848476106
11.4,0.9168120548996692
8.7,-1.6168110429517257
9.4,-0.9599457953606226
10.3,-0.11540476274349097
10.3,-0.11540476274349097
10.3,-0.11540476274349097
12.8,2.230542550081874
10.0,-0.3969184402825354
10.3,-0.11540476274349097
9.4,-0.9599457953606226
10.7,0.25994680730856606
12.0,1.4798394099777565
11.2,0.729136269873639
9.6,-0.7722700103345941
11.0,0.5414604848476106
9.9,-0.4907563327955497
11.0,0.5414604848476106
8.4,-1.8983247204907685
9.1,-1.241459472899667
9.5,-0.8661079028476084
10.7,0.25994680730856606
10.4,-0.021566870230476706
9.4,-0.9599457953606226
9.5,-0.8661079028476084
10.0,-0.3969184402825354
10.0,-0.3969184402825354
11.5,1.0106499474126835
11.1,0.6352983773606248
11.1,0.6352983773606248
11.7,1.198325732438712
11.1,0.6352983773606248
11.7,1.198325732438712
12.7,2.136704657568858
11.4,0.9168120548996692
9.2,-1.1476215803866527
9.2,-1.1476215803866527
10.1,-0.30308054776952115
12.7,2.136704657568858
11.4,0.9168120548996692
9.0,-1.3352973654126814
9.0,-1.3352973654126814
10.7,0.25994680730856606
11.7,1.198325732438712
11.0,0.5414604848476106
11.7,1.198325732438712
10.4,-0.021566870230476706
9.6,-0.7722700103345941
10.0,-0.3969184402825354
10.2,-0.2092426552565069
10.0,-0.3969184402825354
9.5,-0.8661079028476084
9.8,-0.584594225308564
9.8,-0.584594225308564
9.6,-0.7722700103345941
9.6,-0.7722700103345941
9.2,-1.1476215803866527
9.9,-0.4907563327955497
10.7,0.25994680730856606
9.6,-0.7722700103345941
10.6,0.16610891479555182
9.3,-1.0537836878736369
14.0,3.3565972602380483
10.5,0.07227102228253755
9.7,-0.6784321178215799
11.5,1.0106499474126835
9.7,-0.6784321178215799
9.0,-1.3352973654126814
9.5,-0.8661079028476084
9.3,-1.0537836878736369
9.3,-1.0537836878736369
10.0,-0.3969184402825354
9.8,-0.584594225308564
9.3,-1.0537836878736369
10.0,-0.3969184402825354
9.0,-1.3352973654126814
9.3,-1.0537836878736369
9.0,-1.3352973654126814
9.1,-1.241459472899667
9.2,-1.1476215803866527
12.2,1.667515195003785
10.5,0.07227102228253755
10.4,-0.021566870230476706
12.7,2.136704657568858
9.2,-1.1476215803866527
9.4,-0.9599457953606226
10.0,-0.3969184402825354
9.8,-0.584594225308564
10.2,-0.2092426552565069
9.7,-0.6784321178215799
9.7,-0.6784321178215799
9.8,-0.584594225308564
10.2,-0.2092426552565069
9.3,-1.0537836878736369
9.4,-0.9599457953606226
9.4,-0.9599457953606226
9.5,-0.8661079028476084
12.1,1.5736773024907706
10.2,-0.2092426552565069
10.2,-0.2092426552565069
9.1,-1.241459472899667
9.1,-1.241459472899667
9.3,-1.0537836878736369
9.3,-1.0537836878736369
9.3,-1.0537836878736369
9.5,-0.8661079028476084
10.5,0.07227102228253755
11.3,0.822974162386655
9.5,-0.8661079028476084
9.7,-0.6784321178215799
9.4,-0.9599457953606226
9.4,-0.9599457953606226
10.2,-0.2092426552565069
10.3,-0.11540476274349097
9.4,-0.9599457953606226
9.5,-0.8661079028476084
9.4,-0.9599457953606226
9.5,-0.8661079028476084
9.4,-0.9599457953606226
10.1,-0.30308054776952115
10.1,-0.30308054776952115
11.0,0.5414604848476106
11.2,0.729136269873639
11.3,0.822974162386655
9.6,-0.7722700103345941
11.2,0.729136269873639
14.9,4.20113829285518
12.0,1.4798394099777565
9.5,-0.8661079028476084
9.4,-0.9599457953606226
9.6,-0.7722700103345941
10.5,0.07227102228253755
9.6,-0.7722700103345941
11.0,0.5414604848476106
9.6,-0.7722700103345941
9.0,-1.3352973654126814
9.6,-0.7722700103345941
10.2,-0.2092426552565069
10.2,-0.2092426552565069
9.7,-0.6784321178215799
9.5,-0.8661079028476084
9.2,-1.1476215803866527
11.0,0.5414604848476106
9.2,-1.1476215803866527
10.0,-0.3969184402825354
9.5,-0.8661079028476084
9.5,-0.8661079028476084
9.5,-0.8661079028476084
9.3,-1.0537836878736369
10.2,-0.2092426552565069
9.3,-1.0537836878736369
9.9,-0.4907563327955497
10.0,-0.3969184402825354
9.6,-0.7722700103345941
9.0,-1.3352973654126814
10.2,-0.2092426552565069
9.8,-0.584594225308564
11.3,0.822974162386655
9.4,-0.9599457953606226
11.3,0.822974162386655
9.1,-1.241459472899667
9.7,-0.6784321178215799
9.4,-0.9599457953606226
9.4,-0.9599457953606226
10.7,0.25994680730856606
9.8,-0.584594225308564
9.0,-1.3352973654126814
9.4,-0.9599457953606226
9.4,-0.9599457953606226
12.8,2.230542550081874
9.5,-0.8661079028476084
9.5,-0.8661079028476084
9.7,-0.6784321178215799
10.8,0.353784699821582
10.1,-0.30308054776952115
9.5,-0.8661079028476084
9.4,-0.9599457953606226
9.6,-0.7722700103345941
9.7,-0.6784321178215799
9.9,-0.4907563327955497
10.0,-0.3969184402825354
10.5,0.07227102228253755
11.6,1.1044878399256977
10.0,-0.3969184402825354
10.1,-0.30308054776952115
9.5,-0.8661079028476084
9.4,-0.9599457953606226
9.4,-0.9599457953606226
9.8,-0.584594225308564
9.2,-1.1476215803866527
9.4,-0.9599457953606226
10.0,-0.3969184402825354
9.6,-0.7722700103345941
9.5,-0.8661079028476084
9.6,-0.7722700103345941
9.2,-1.1476215803866527
10.0,-0.3969184402825354
9.5,-0.8661079028476084
11.2,0.729136269873639
10.4,-0.021566870230476706
11.1,0.6352983773606248
9.5,-0.8661079028476084
9.5,-0.8661079028476084
12.7,2.136704657568858
9.6,-0.7722700103345941
11.5,1.0106499474126835
9.6,-0.7722700103345941
9.5,-0.8661079028476084
9.3,-1.0537836878736369
9.5,-0.8661079028476084
9.5,-0.8661079028476084
9.3,-1.0537836878736369
9.2,-1.1476215803866527
9.3,-1.0537836878736369
11.5,1.0106499474126835
9.5,-0.8661079028476084
9.2,-1.1476215803866527
10.0,-0.3969184402825354
9.5,-0.8661079028476084
9.5,-0.8661079028476084
9.0,-1.3352973654126814
9.4,-0.9599457953606226
9.6,-0.7722700103345941
9.5,-0.8661079028476084
9.5,-0.8661079028476084
9.5,-0.8661079028476084
9.4,-0.9599457953606226
9.5,-0.8661079028476084
9.1,-1.241459472899667
10.7,0.25994680730856606
11.2,0.729136269873639
9.8,-0.584594225308564
9.8,-0.584594225308564
9.2,-1.1476215803866527
9.7,-0.6784321178215799
9.6,-0.7722700103345941
10.0,-0.3969184402825354
9.6,-0.7722700103345941
9.5,-0.8661079028476084
9.5,-0.8661079028476084
9.4,-0.9599457953606226
9.5,-0.8661079028476084
9.7,-0.6784321178215799
9.6,-0.7722700103345941
9.7,-0.6784321178215799
9.4,-0.9599457953606226
9.4,-0.9599457953606226
9.5,-0.8661079028476084
9.5,-0.8661079028476084
10.0,-0.3969184402825354
10.3,-0.11540476274349097
10.3,-0.11540476274349097
10.5,0.07227102228253755
9.8,-0.584594225308564
9.4,-0.9599457953606226
9.8,-0.584594225308564
10.0,-0.3969184402825354
9.8,-0.584594225308564
9.8,-0.584594225308564
9.5,-0.8661079028476084
9.5,-0.8661079028476084
10.1,-0.30308054776952115
10.1,-0.30308054776952115
9.3,-1.0537836878736369
9.7,-0.6784321178215799
9.6,-0.7722700103345941
9.7,-0.6784321178215799
10.8,0.353784699821582
12.5,1.9490288725428295
10.2,-0.2092426552565069
9.6,-0.7722700103345941
10.8,0.353784699821582
10.7,0.25994680730856606
10.7,0.25994680730856606
9.4,-0.9599457953606226
10.0,-0.3969184402825354
12.9,2.324380442594888
9.6,-0.7722700103345941
9.9,-0.4907563327955497
12.8,2.230542550081874
12.5,1.9490288725428295
12.8,2.230542550081874
9.2,-1.1476215803866527
10.3,-0.11540476274349097
10.5,0.07227102228253755
10.9,0.4476225923345963
10.8,0.353784699821582
11.4,0.9168120548996692
11.3,0.822974162386655
10.8,0.353784699821582
10.5,0.07227102228253755
11.9,1.3860015174647422
9.4,-0.9599457953606226
9.6,-0.7722700103345941
9.7,-0.6784321178215799
14.0,3.3565972602380483
9.8,-0.584594225308564
9.8,-0.584594225308564
10.3,-0.11540476274349097
10.7,0.25994680730856606
11.0,0.5414604848476106
10.7,0.25994680730856606
12.7,2.136704657568858
11.1,0.6352983773606248
10.9,0.4476225923345963
11.1,0.6352983773606248
9.9,-0.4907563327955497
9.9,-0.4907563327955497
9.4,-0.9599457953606226
9.3,-1.0537836878736369
11.7,1.198325732438712
11.7,1.198325732438712
11.2,0.729136269873639
10.0,-0.3969184402825354
12.1,1.5736773024907706
10.3,-0.11540476274349097
10.9,0.4476225923345963
9.4,-0.9599457953606226
10.6,0.16610891479555182
9.8,-0.584594225308564
9.8,-0.584594225308564
9.9,-0.4907563327955497
9.8,-0.584594225308564
9.8,-0.584594225308564
9.5,-0.8661079028476084
9.5,-0.8661079028476084
9.7,-0.6784321178215799
10.9,0.4476225923345963
10.9,0.4476225923345963
11.7,1.198325732438712
10.9,0.4476225923345963
11.3,0.822974162386655
10.6,0.16610891479555182
11.2,0.729136269873639
9.5,-0.8661079028476084
11.5,1.0106499474126835
10.4,-0.021566870230476706
9.7,-0.6784321178215799
9.5,-0.8661079028476084
9.7,-0.6784321178215799
11.3,0.822974162386655
11.2,0.729136269873639
11.2,0.729136269873639
10.9,0.4476225923345963
11.8,1.2921636249517279
10.6,0.16610891479555182
10.0,-0.3969184402825354
11.1,0.6352983773606248
11.8,1.2921636249517279
11.8,1.2921636249517279
10.9,0.4476225923345963
11.8,1.2921636249517279
10.0,-0.3969184402825354
9.5,-0.8661079028476084
9.9,-0.4907563327955497
11.4,0.9168120548996692
12.0,1.4798394099777565
9.5,-0.8661079028476084
10.0,-0.3969184402825354
10.5,0.07227102228253755
10.4,-0.021566870230476706
12.1,1.5736773024907706
11.2,0.729136269873639
9.3,-1.0537836878736369
10.1,-0.30308054776952115
9.7,-0.6784321178215799
9.3,-1.0537836878736369
9.7,-0.6784321178215799
9.8,-0.584594225308564
10.7,0.25994680730856606
12.5,1.9490288725428295
10.7,0.25994680730856606
12.5,1.9490288725428295
11.0,0.5414604848476106
11.8,1.2921636249517279
10.8,0.353784699821582
10.8,0.353784699821582
10.8,0.353784699821582
10.8,0.353784699821582
9.5,-0.8661079028476084
11.0,0.5414604848476106
11.5,1.0106499474126835
10.8,0.353784699821582
11.5,1.0106499474126835
13.2,2.605894120133931
10.9,0.4476225923345963
12.2,1.667515195003785
12.2,1.667515195003785
11.5,1.0106499474126835
11.9,1.3860015174647422
11.0,0.5414604848476106
10.1,-0.30308054776952115
11.0,0.5414604848476106
11.8,1.2921636249517279
10.5,0.07227102228253755
11.0,0.5414604848476106
11.8,1.2921636249517279
10.1,-0.30308054776952115
11.2,0.729136269873639
11.0,0.5414604848476106
10.2,-0.2092426552565069
9.2,-1.1476215803866527
11.2,0.729136269873639
12.0,1.4798394099777565
10.5,0.07227102228253755
9.8,-0.584594225308564
9.5,-0.8661079028476084
9.8,-0.584594225308564
10.5,0.07227102228253755
11.8,1.2921636249517279
11.8,1.2921636249517279
10.4,-0.021566870230476706
12.9,2.324380442594888
11.4,0.9168120548996692
12.4,1.8551909800298152
12.5,1.9490288725428295
10.0,-0.3969184402825354
9.7,-0.6784321178215799
12.1,1.5736773024907706
11.1,0.6352983773606248
12.0,1.4798394099777565
12.4,1.8551909800298152
11.9,1.3860015174647422
11.9,1.3860015174647422
11.9,1.3860015174647422
12.4,1.8551909800298152
11.2,0.729136269873639
12.1,1.5736773024907706
12.2,1.667515195003785
10.4,-0.021566870230476706
11.3,0.822974162386655
11.1,0.6352983773606248
11.3,0.822974162386655
10.0,-0.3969184402825354
11.1,0.6352983773606248
9.3,-1.0537836878736369
9.5,-0.8661079028476084
11.2,0.729136269873639
11.1,0.6352983773606248
11.0,0.5414604848476106
11.9,1.3860015174647422
9.2,-1.1476215803866527
12.2,1.667515195003785
10.2,-0.2092426552565069
10.9,0.4476225923345963
10.9,0.4476225923345963
11.6,1.1044878399256977
10.7,0.25994680730856606
12.1,1.5736773024907706
9.4,-0.9599457953606226
9.4,-0.9599457953606226
9.1,-1.241459472899667
11.3,0.822974162386655
10.4,-0.021566870230476706
10.5,0.07227102228253755
10.0,-0.3969184402825354
12.9,2.324380442594888
10.5,0.07227102228253755
10.4,-0.021566870230476706
11.3,0.822974162386655
11.4,0.9168120548996692
9.4,-0.9599457953606226
9.4,-0.9599457953606226
10.9,0.4476225923345963
9.4,-0.9599457953606226
9.4,-0.9599457953606226
9.4,-0.9599457953606226
9.4,-0.9599457953606226
9.4,-0.9599457953606226
10.1,-0.30308054776952115
12.8,2.230542550081874
12.8,2.230542550081874
9.1,-1.241459472899667
12.9,2.324380442594888
11.5,1.0106499474126835
10.6,0.16610891479555182
11.7,1.198325732438712
12.8,2.230542550081874
10.3,-0.11540476274349097
12.8,2.230542550081874
11.7,1.198325732438712
11.7,1.198325732438712
12.0,1.4798394099777565
10.9,0.4476225923345963
12.3,1.7613530875168009
10.4,-0.021566870230476706
10.0,-0.3969184402825354
10.0,-0.3969184402825354
11.2,0.729136269873639
11.4,0.9168120548996692
12.6,2.0428667650558436
12.7,2.136704657568858
12.7,2.136704657568858
10.4,-0.021566870230476706
11.9,1.3860015174647422
11.9,1.3860015174647422
10.5,0.07227102228253755
12.3,1.7613530875168009
10.5,0.07227102228253755
10.4,-0.021566870230476706
12.6,2.0428667650558436
11.6,1.1044878399256977
10.1,-0.30308054776952115
10.5,0.07227102228253755
11.5,1.0106499474126835
11.0,0.5414604848476106
9.6,-0.7722700103345941
10.4,-0.021566870230476706
9.7,-0.6784321178215799
10.6,0.16610891479555182
12.5,1.9490288725428295
9.2,-1.1476215803866527
12.6,2.0428667650558436
11.1,0.6352983773606248
10.2,-0.2092426552565069
9.8,-0.584594225308564
11.1,0.6352983773606248
10.9,0.4476225923345963
12.2,1.667515195003785
11.4,0.9168120548996692
10.7,0.25994680730856606
10.4,-0.021566870230476706
10.9,0.4476225923345963
10.8,0.353784699821582
10.4,-0.021566870230476706
9.2,-1.1476215803866527
12.9,2.324380442594888
12.7,2.136704657568858
9.1,-1.241459472899667
9.1,-1.241459472899667
12.1,1.5736773024907706
9.1,-1.241459472899667
11.6,1.1044878399256977
12.1,1.5736773024907706
9.9,-0.4907563327955497
12.5,1.9490288725428295
11.4,0.9168120548996692
11.8,1.2921636249517279
11.8,1.2921636249517279
10.2,-0.2092426552565069
12.5,1.9490288725428295
10.9,0.4476225923345963
10.9,0.4476225923345963
10.8,0.353784699821582
11.1,0.6352983773606248
9.2,-1.1476215803866527
9.5,-0.8661079028476084
10.7,0.25994680730856606
9.2,-1.1476215803866527
10.2,-0.2092426552565069
11.4,0.9168120548996692
11.0,0.5414604848476106
11.0,0.5414604848476106
12.3,1.7613530875168009
11.8,1.2921636249517279
12.3,1.7613530875168009
9.5,-0.8661079028476084
12.0,1.4798394099777565
9.5,-0.8661079028476084
9.6,-0.7722700103345941
11.6,1.1044878399256977
11.2,0.729136269873639
9.9,-0.4907563327955497
9.9,-0.4907563327955497
11.8,1.2921636249517279
11.4,0.9168120548996692
11.5,1.0106499474126835
12.0,1.4798394099777565
10.8,0.353784699821582
10.5,0.07227102228253755
10.8,0.353784699821582
9.4,-0.9599457953606226
12.5,1.9490288725428295
9.4,-0.9599457953606226
12.4,1.8551909800298152
12.0,1.4798394099777565
11.2,0.729136269873639
12.0,1.4798394099777565
12.4,1.8551909800298152
12.8,2.230542550081874
12.3,1.7613530875168009
11.7,1.198325732438712
9.5,-0.8661079028476084
10.8,0.353784699821582
10.0,-0.3969184402825354
12.3,1.7613530875168009
11.0,0.5414604848476106
9.5,-0.8661079028476084
13.6,2.9812456901859896
11.3,0.822974162386655
11.3,0.822974162386655
11.3,0.822974162386655
13.3,2.699732012646947
12.9,2.324380442594888
13.1,2.5120562276209166
12.3,1.7613530875168009
12.3,1.7613530875168009
11.2,0.729136269873639
11.5,1.0106499474126835
11.3,0.822974162386655
13.5,2.8874077976729753
11.5,1.0106499474126835
10.0,-0.3969184402825354
10.5,0.07227102228253755
10.4,-0.021566870230476706
9.5,-0.8661079028476084
13.6,2.9812456901859896
11.2,0.729136269873639
11.8,1.2921636249517279
11.9,1.3860015174647422
11.4,0.9168120548996692
11.4,0.9168120548996692
9.1,-1.241459472899667
9.5,-0.8661079028476084
9.5,-0.8661079028476084
11.0,0.5414604848476106
11.4,0.9168120548996692
10.0,-0.3969184402825354
10.1,-0.30308054776952115
10.4,-0.021566870230476706
9.8,-0.584594225308564
11.8,1.2921636249517279
11.6,1.1044878399256977
12.0,1.4798394099777565
12.8,2.230542550081874
12.5,1.9490288725428295
9.8,-0.584594225308564
11.1,0.6352983773606248
11.4,0.9168120548996692
9.8,-0.584594225308564
11.8,1.2921636249517279
12.9,2.324380442594888
10.6,0.16610891479555182
10.8,0.353784699821582
11.1,0.6352983773606248
10.2,-0.2092426552565069
11.8,1.2921636249517279
10.0,-0.3969184402825354
10.0,-0.3969184402825354
9.4,-0.9599457953606226
10.2,-0.2092426552565069
12.4,1.8551909800298152
12.0,1.4798394099777565
11.5,1.0106499474126835
10.5,0.07227102228253755
10.8,0.353784699821582
12.3,1.7613530875168009
9.5,-0.8661079028476084
9.5,-0.8661079028476084
11.5,1.0106499474126835
11.2,0.729136269873639
12.7,2.136704657568858
11.4,0.9168120548996692
11.0,0.5414604848476106
11.0,0.5414604848476106
11.4,0.9168120548996692
10.5,0.07227102228253755
9.3,-1.0537836878736369
10.9,0.4476225923345963
11.9,1.3860015174647422
12.2,1.667515195003785
11.9,1.3860015174647422
10.9,0.4476225923345963
9.6,-0.7722700103345941
12.5,1.9490288725428295
10.8,0.353784699821582
12.4,1.8551909800298152
10.8,0.353784699821582
9.5,-0.8661079028476084
9.5,-0.8661079028476084
9.5,-0.8661079028476084
9.8,-0.584594225308564
10.9,0.4476225923345963
9.5,-0.8661079028476084
9.8,-0.584594225308564
11.2,0.729136269873639
11.7,1.198325732438712
9.4,-0.9599457953606226
11.0,0.5414604848476106
11.0,0.5414604848476106
11.0,0.5414604848476106
10.0,-0.3969184402825354
11.0,0.5414604848476106
11.2,0.729136269873639
10.4,-0.021566870230476706
9.3,-1.0537836878736369
10.4,-0.021566870230476706
10.5,0.07227102228253755
10.4,-0.021566870230476706
11.3,0.822974162386655
9.5,-0.8661079028476084
12.0,1.4798394099777565
10.6,0.16610891479555182
10.9,0.4476225923345963
11.5,1.0106499474126835
11.5,1.0106499474126835
9.6,-0.7722700103345941
12.0,1.4798394099777565
10.3,-0.11540476274349097
9.4,-0.9599457953606226
9.2,-1.1476215803866527
9.6,-0.7722700103345941
13.6,2.9812456901859896
9.5,-0.8661079028476084
11.8,1.2921636249517279
10.8,0.353784699821582
9.5,-0.8661079028476084
9.3,-1.0537836878736369
12.8,2.230542550081874
11.5,1.0106499474126835
9.4,-0.9599457953606226
12.8,2.230542550081874
9.6,-0.7722700103345941
11.8,1.2921636249517279
9.3,-1.0537836878736369
9.8,-0.584594225308564
12.2,1.667515195003785
9.5,-0.8661079028476084
10.3,-0.11540476274349097
10.5,0.07227102228253755
10.0,-0.3969184402825354
10.5,0.07227102228253755
11.1,0.6352983773606248
10.9,0.4476225923345963
10.9,0.4476225923345963
9.8,-0.584594225308564
9.8,-0.584594225308564
9.5,-0.8661079028476084
10.9,0.4476225923345963
11.0,0.5414604848476106
9.2,-1.1476215803866527
11.0,0.5414604848476106
11.3,0.822974162386655
11.3,0.822974162386655
9.3,-1.0537836878736369
11.2,0.729136269873639
9.8,-0.584594225308564
9.6,-0.7722700103345941
11.8,1.2921636249517279
10.3,-0.11540476274349097
10.3,-0.11540476274349097
11.4,0.9168120548996692
9.5,-0.8661079028476084
14.0,3.3565972602380483
14.0,3.3565972602380483
11.7,1.198325732438712
11.2,0.729136269873639
9.3,-1.0537836878736369
11.2,0.729136269873639
9.5,-0.8661079028476084
12.0,1.4798394099777565
9.7,-0.6784321178215799
9.5,-0.8661079028476084
11.5,1.0106499474126835
10.4,-0.021566870230476706
10.4,-0.021566870230476706
10.9,0.4476225923345963
10.2,-0.2092426552565069
10.9,0.4476225923345963
10.5,0.07227102228253755
12.4,1.8551909800298152
13.0,2.4182183351079023
10.2,-0.2092426552565069
10.2,-0.2092426552565069
11.0,0.5414604848476106
10.9,0.4476225923345963
12.4,1.8551909800298152
9.7,-0.6784321178215799
10.9,0.4476225923345963
9.5,-0.8661079028476084
9.5,-0.8661079028476084
12.1,1.5736773024907706
12.2,1.667515195003785
10.9,0.4476225923345963
12.5,1.9490288725428295
11.7,1.198325732438712
11.2,0.729136269873639
11.2,0.729136269873639
9.2,-1.1476215803866527
9.8,-0.584594225308564
10.1,-0.30308054776952115
11.1,0.6352983773606248
10.1,-0.30308054776952115
9.2,-1.1476215803866527
9.8,-0.584594225308564
12.8,2.230542550081874
10.5,0.07227102228253755
10.1,-0.30308054776952115
10.1,-0.30308054776952115
9.8,-0.584594225308564
12.5,1.9490288725428295
11.9,1.3860015174647422
9.8,-0.584594225308564
9.1,-1.241459472899667
10.1,-0.30308054776952115
12.5,1.9490288725428295
11.4,0.9168120548996692
11.0,0.5414604848476106
10.6,0.16610891479555182
10.6,0.16610891479555182
10.6,0.16610891479555182
10.6,0.16610891479555182
9.3,-1.0537836878736369
9.8,-0.584594225308564
9.8,-0.584594225308564
9.2,-1.1476215803866527
9.7,-0.6784321178215799
9.6,-0.7722700103345941
10.0,-0.3969184402825354
12.6,2.0428667650558436
9.5,-0.8661079028476084
9.5,-0.8661079028476084
9.5,-0.8661079028476084
10.5,0.07227102228253755
10.5,0.07227102228253755
10.5,0.07227102228253755
10.4,-0.021566870230476706
10.5,0.07227102228253755
11.0,0.5414604848476106
10.2,-0.2092426552565069
11.4,0.9168120548996692
9.5,-0.8661079028476084
9.5,-0.8661079028476084
10.8,0.353784699821582
10.0,-0.3969184402825354
11.8,1.2921636249517279
10.3,-0.11540476274349097
10.3,-0.11540476274349097
10.0,-0.3969184402825354
10.1,-0.30308054776952115
10.1,-0.30308054776952115
11.1,0.6352983773606248
9.5,-0.8661079028476084
10.0333333333333,-0.365639142778229
10.9,0.4476225923345963
10.1,-0.30308054776952115
10.0333333333333,-0.365639142778229
9.8,-0.584594225308564
11.8,1.2921636249517279
9.5,-0.8661079028476084
9.8,-0.584594225308564
10.5,0.07227102228253755
9.8,-0.584594225308564
10.4,-0.021566870230476706
9.2,-1.1476215803866527
11.6,1.1044878399256977
9.2,-1.1476215803866527
9.3,-1.0537836878736369
9.8,-0.584594225308564
9.9,-0.4907563327955497
10.0,-0.3969184402825354
12.2,1.667515195003785
9.9,-0.4907563327955497
10.8,0.353784699821582
10.8,0.353784699821582
9.6,-0.7722700103345941
9.9,-0.4907563327955497
9.9,-0.4907563327955497
9.5,-0.8661079028476084
9.2,-1.1476215803866527
9.6,-0.7722700103345941
9.6,-0.7722700103345941
10.3,-0.11540476274349097
9.7,-0.6784321178215799
12.5,1.9490288725428295
11.0,0.5414604848476106
9.8,-0.584594225308564
10.2,-0.2092426552565069
9.2,-1.1476215803866527
9.55,-0.8191889565911005
9.55,-0.8191889565911005
9.9,-0.4907563327955497
10.2,-0.2092426552565069
11.1,0.6352983773606248
9.9,-0.4907563327955497
9.9,-0.4907563327955497
11.9,1.3860015174647422
10.0,-0.3969184402825354
10.7,0.25994680730856606
11.3,0.822974162386655
10.9,0.4476225923345963
10.7,0.25994680730856606
12.4,1.8551909800298152
10.7,0.25994680730856606
11.9,1.3860015174647422
10.6,0.16610891479555182
10.9,0.4476225923345963
10.1,-0.30308054776952115
9.6,-0.7722700103345941
9.4,-0.9599457953606226
9.6,-0.7722700103345941
12.1,1.5736773024907706
9.8,-0.584594225308564
9.9,-0.4907563327955497
9.8,-0.584594225308564
9.4,-0.9599457953606226
11.4,0.9168120548996692
11.0,0.5414604848476106
9.6,-0.7722700103345941
9.6,-0.7722700103345941
12.1,1.5736773024907706
11.2,0.729136269873639
11.0,0.5414604848476106
11.3,0.822974162386655
10.4,-0.021566870230476706
9.9,-0.4907563327955497
11.7,1.198325732438712
10.1,-0.30308054776952115
9.0,-1.3352973654126814
9.0,-1.3352973654126814
8.5,-1.8044868279777544
11.1,0.6352983773606248
10.3,-0.11540476274349097
11.066666666666698,0.6040190798563168
11.3,0.822974162386655
9.56666666666667,-0.8035493078389289
9.8,-0.584594225308564
11.7,1.198325732438712
11.1,0.6352983773606248
9.6,-0.7722700103345941
9.8,-0.584594225308564
9.7,-0.6784321178215799
9.7,-0.6784321178215799
11.3,0.822974162386655
11.3,0.822974162386655
11.0,0.5414604848476106
11.6,1.1044878399256977
9.0,-1.3352973654126814
10.9,0.4476225923345963
10.9,0.4476225923345963
10.55,0.11918996853904552
9.0,-1.3352973654126814
10.5,0.07227102228253755
11.9,1.3860015174647422
10.4,-0.021566870230476706
10.0,-0.3969184402825354
10.4,-0.021566870230476706
10.8,0.353784699821582
9.7,-0.6784321178215799
9.7,-0.6784321178215799
10.0,-0.3969184402825354
11.0,0.5414604848476106
10.0,-0.3969184402825354
9.7,-0.6784321178215799
9.7,-0.6784321178215799
12.6,2.0428667650558436
11.1,0.6352983773606248
11.0,0.5414604848476106
8.8,-1.5229731504387098
13.566666666666698,2.9499663926816817
8.8,-1.5229731504387098
13.6,2.9812456901859896
10.2,-0.2092426552565069
10.6,0.16610891479555182
10.1,-0.30308054776952115
10.6,0.16610891479555182
10.3,-0.11540476274349097
10.7,0.25994680730856606
10.9,0.4476225923345963
9.7,-0.6784321178215799
10.3,-0.11540476274349097
10.6,0.16610891479555182
11.4,0.9168120548996692
10.8,0.353784699821582
12.4,1.8551909800298152
11.4,0.9168120548996692
11.95,1.4329204637212485
9.7,-0.6784321178215799
10.0,-0.3969184402825354
10.6,0.16610891479555182
9.7,-0.6784321178215799
11.5,1.0106499474126835
10.8,0.353784699821582
11.5,1.0106499474126835
9.6,-0.7722700103345941
9.4,-0.9599457953606226
9.8,-0.584594225308564
11.0,0.5414604848476106
11.4,0.9168120548996692
9.95,-0.44383738653904337
10.8,0.353784699821582
11.4,0.9168120548996692
10.6,0.16610891479555182
11.1,0.6352983773606248
9.7,-0.6784321178215799
9.8,-0.584594225308564
10.4,-0.021566870230476706
10.5,0.07227102228253755
9.23333333333333,-1.1163422828823164
9.25,-1.100702634130145
10.6,0.16610891479555182
10.3,-0.11540476274349097
10.5,0.07227102228253755
10.2,-0.2092426552565069
10.3,-0.11540476274349097
9.05,-1.2883784191561733
10.6,0.16610891479555182
10.4,-0.021566870230476706
10.0,-0.3969184402825354
9.7,-0.6784321178215799
9.6,-0.7722700103345941
10.8,0.353784699821582
10.1,-0.30308054776952115
10.2,-0.2092426552565069
11.3,0.822974162386655
10.2,-0.2092426552565069
9.9,-0.4907563327955497
9.0,-1.3352973654126814
11.7,1.198325732438712
9.7,-0.6784321178215799
10.3,-0.11540476274349097
10.2,-0.2092426552565069
12.0,1.4798394099777565
9.9,-0.4907563327955497
11.6,1.1044878399256977
10.9,0.4476225923345963
10.75,0.30686575356507406
10.4,-0.021566870230476706
11.2,0.729136269873639
10.1,-0.30308054776952115
10.2,-0.2092426552565069
12.1,1.5736773024907706
10.4,-0.021566870230476706
11.4,0.9168120548996692
9.5,-0.8661079028476084
9.4,-0.9599457953606226
11.3,0.822974162386655
9.4,-0.9599457953606226
11.0,0.5414604848476106
10.55,0.11918996853904552
9.9,-0.4907563327955497
11.0,0.5414604848476106
9.5,-0.8661079028476084
9.9,-0.4907563327955497
9.9,-0.4907563327955497
9.9,-0.4907563327955497
10.1,-0.30308054776952115
10.1,-0.30308054776952115
10.1,-0.30308054776952115
10.9,0.4476225923345963
11.2,0.729136269873639
10.1,-0.30308054776952115
9.2,-1.1476215803866527
11.5,1.0106499474126835
12.4,1.8551909800298152
11.1,0.6352983773606248
9.5,-0.8661079028476084
12.5,1.9490288725428295
10.5,0.07227102228253755
11.8,1.2921636249517279
10.8,0.353784699821582
11.9,1.3860015174647422
11.3,0.822974162386655
11.3,0.822974162386655
11.9,1.3860015174647422
11.3,0.822974162386655
11.9,1.3860015174647422
9.8,-0.584594225308564
11.6,1.1044878399256977
11.5,1.0106499474126835
11.4,0.9168120548996692
10.9,0.4476225923345963
12.8,2.230542550081874
9.2,-1.1476215803866527
11.6,1.1044878399256977
11.6,1.1044878399256977
11.0,0.5414604848476106
9.5,-0.8661079028476084
10.5,0.07227102228253755
11.2,0.729136269873639
11.0,0.5414604848476106
10.2,-0.2092426552565069
11.0,0.5414604848476106
