,0,1,2,3,4,5,6,7,8,9,10,11,12,13,14,15,16,17,18,19
0,0.0,1.5100558077804036,1.002552692247917,4.601928152944527,0.0,0.26616167203389063,0.813621534751207,1.306388327156039,0.9066234173194923,2.667310478529486,1.1151675897144893,2.667310478529486,2.064744060807234,0.9464325841870543,1.5597045292504836,1.5597045292504836,3.7690942768487163,1.1582613888596522,1.1140741252973998,2.605583535934971
1,1.5100558077804036,0.0,0.7984850161016734,5.1064728533014225,1.5100558077804036,1.7287824904279,2.045836430526833,1.6546258333642045,2.093242049604261,2.9381550956395786,2.5754741748608425,2.9381550956395786,2.7198228587487323,2.321224607198728,2.375137622567767,2.375137622567767,4.30458677662559,2.390611749530241,2.5856539996312615,3.9345900383581047
2,1.002552692247917,0.7984850161016734,0.0,4.509751668668061,1.002552692247917,1.135112348348415,1.3592864023798823,0.9650464958277055,1.353273436699283,2.2874303605484347,2.0205825748084583,2.2874303605484347,2.284522660520337,1.7766709188194574,1.875104705433957,1.875104705433957,3.5764874428760245,1.7181924066462557,2.059503914913345,3.1887060221124317
3,4.601928152944527,5.1064728533014225,4.509751668668061,0.0,4.601928152944527,4.445323611579465,3.845570596763667,4.424359331264889,3.8102846686650027,4.038273542071619,4.829974657199843,4.038273542071619,5.701895190955986,4.137467396541541,3.368110121148029,3.368110121148029,2.924503253734788,3.605577344060546,4.442815869031871,3.3477063484713274
4,0.0,1.5100558077804036,1.002552692247917,4.601928152944527,0.0,0.26616167203389063,0.813621534751207,1.306388327156039,0.9066234173194923,2.667310478529486,1.1151675897144893,2.667310478529486,2.064744060807234,0.9464325841870543,1.5597045292504836,1.5597045292504836,3.7690942768487163,1.1582613888596522,1.1140741252973998,2.605583535934971
5,0.26616167203389063,1.7287824904279,1.135112348348415,4.445323611579465,0.26616167203389063,0.0,0.6153144392677646,1.2650641911933715,0.6839267815582977,2.5449885791363203,0.943074002849321,2.5449885791363203,2.0082159796058163,0.8048524781606986,1.4900174870063918,1.4900174870063918,3.5762034274599395,0.9573490643249366,0.9604019971802026,2.348171399378165
6,0.813621534751207,2.045836430526833,1.3592864023798823,3.845570596763667,0.813621534751207,0.6153144392677646,0.0,1.41899776315571,0.2656460830619293,2.4326502805813495,1.2069617231234346,2.4326502805813495,2.3980858654159096,0.6403078093773296,1.0348595026169165,1.0348595026169165,3.1912832481808535,0.38730535971433966,0.9638792290244521,1.909872852529402
7,1.306388327156039,1.6546258333642045,0.9650464958277055,4.424359331264889,1.306388327156039,1.2650641911933715,1.41899776315571,0.0,1.2403173172570736,1.4606529106668755,1.8314747237662299,1.4606529106668755,1.6224915467988834,1.965003629988252,2.2597138379201223,2.2597138379201223,2.902814020423322,1.755043437330762,2.139398842844203,2.821175638220097
8,0.9066234173194923,2.093242049604261,1.353273436699283,3.8102846686650027,0.9066234173194923,0.6839267815582977,0.2656460830619293,1.2403173172570736,0.0,2.184296339883312,1.2073977813533203,2.184296339883312,2.2368958884457686,0.8632884263315648,1.236386443664277,1.236386443664277,2.9704199214849876,0.5224780328655069,1.1166658945678194,1.8435407427422483
9,2.667310478529486,2.9381550956395786,2.2874303605484347,4.038273542071619,2.667310478529486,2.5449885791363203,2.4326502805813495,1.4606529106668755,2.184296339883312,0.0,2.880198737739165,0.0,2.310463654399344,3.042373222394326,3.131648476435268,3.131648476435268,1.737768884074632,2.6122465082219293,3.2073900301912412,3.004302027557956
10,1.1151675897144893,2.5754741748608425,2.0205825748084583,4.829974657199843,1.1151675897144893,0.943074002849321,1.2069617231234346,1.8314747237662299,1.2073977813533203,2.880198737739165,0.0,2.880198737739165,1.8098600749553508,1.0700228579268412,2.0772309827927224,2.0772309827927224,3.7784786400142996,1.3343397682570421,0.78131175560046,2.0629511708484696
11,2.667310478529486,2.9381550956395786,2.2874303605484347,4.038273542071619,2.667310478529486,2.5449885791363203,2.4326502805813495,1.4606529106668755,2.184296339883312,0.0,2.880198737739165,0.0,2.310463654399344,3.042373222394326,3.131648476435268,3.131648476435268,1.737768884074632,2.6122465082219293,3.2073900301912412,3.004302027557956
12,2.064744060807234,2.7198228587487323,2.284522660520337,5.701895190955986,2.064744060807234,2.0082159796058163,2.3980858654159096,1.6224915467988834,2.2368958884457686,2.310463654399344,1.8098600749553508,2.310463654399344,0.0,2.658350329610212,3.4220688193840827,3.4220688193840827,3.7323672126868104,2.6835720200024453,2.5376974911264494,3.2637591279726674
13,0.9464325841870543,2.321224607198728,1.7766709188194574,4.137467396541541,0.9464325841870543,0.8048524781606986,0.6403078093773296,1.965003629988252,0.8632884263315648,3.042373222394326,1.0700228579268412,3.042373222394326,2.658350329610212,0.0,1.0533413020744928,1.0533413020744928,3.7272946795314246,0.6049491438382244,0.449553343673644,1.9433197966118296
14,1.5597045292504836,2.375137622567767,1.875104705433957,3.368110121148029,1.5597045292504836,1.4900174870063918,1.0348595026169165,2.2597138379201223,1.236386443664277,3.131648476435268,2.0772309827927224,3.131648476435268,3.4220688193840827,1.0533413020744928,0.0,0.0,3.5650549122141766,0.8744595220399494,1.4795805895535545,2.2049339268138595
15,1.5597045292504836,2.375137622567767,1.875104705433957,3.368110121148029,1.5597045292504836,1.4900174870063918,1.0348595026169165,2.2597138379201223,1.236386443664277,3.131648476435268,2.0772309827927224,3.131648476435268,3.4220688193840827,1.0533413020744928,0.0,0.0,3.5650549122141766,0.8744595220399494,1.4795805895535545,2.2049339268138595
16,3.7690942768487163,4.30458677662559,3.5764874428760245,2.924503253734788,3.7690942768487163,3.5762034274599395,3.1912832481808535,2.902814020423322,2.9704199214849876,1.737768884074632,3.7784786400142996,1.737768884074632,3.7323672126868104,3.7272946795314246,3.5650549122141766,3.5650549122141766,0.0,3.155997966359857,3.9033198313691195,2.799552698108318
17,1.1582613888596522,2.390611749530241,1.7181924066462557,3.605577344060546,1.1582613888596522,0.9573490643249366,0.38730535971433966,1.755043437330762,0.5224780328655069,2.6122465082219293,1.3343397682570421,2.6122465082219293,2.6835720200024453,0.6049491438382244,0.8744595220399494,0.8744595220399494,3.155997966359857,0.0,0.9307589828403264,1.6215661225368332
18,1.1140741252973998,2.5856539996312615,2.059503914913345,4.442815869031871,1.1140741252973998,0.9604019971802026,0.9638792290244521,2.139398842844203,1.1166658945678194,3.2073900301912412,0.78131175560046,3.2073900301912412,2.5376974911264494,0.449553343673644,1.4795805895535545,1.4795805895535545,3.9033198313691195,0.9307589828403264,0.0,1.903499959071354
19,2.605583535934971,3.9345900383581047,3.1887060221124317,3.3477063484713274,2.605583535934971,2.348171399378165,1.909872852529402,2.821175638220097,1.8435407427422483,3.004302027557956,2.0629511708484696,3.004302027557956,3.2637591279726674,1.9433197966118296,2.2049339268138595,2.2049339268138595,2.799552698108318,1.6215661225368332,1.903499959071354,0.0
